Name,PA,AB,RBI,RUN,HIT,H2,H3,HR,SB,CS,SH,SF,BB,IB,HP,KK,GD,ERR,LOB,P_HRA_RT,P_AB_CN,P_HIT_CN,Position,Money_19,Team,OBP,SLG,OPS
백창수,48.0,44.0,3.0,4.0,10.0,3.0,0.0,0.0,0.0,0.0,2.0,0.0,0.0,0.0,2.0,18.0,1.0,0.0,7.0,1.0,6.0,1.0,외,6000,HH,0.2608695652173913,0.29545454545454547,0.5563241106719368
김창혁,2.0,2.0,0.0,0.0,0.0,0.0,0.0,0.0,0.0,0.0,0.0,0.0,0.0,0.0,0.0,1.0,0.0,0.0,1.0,0.0,0.0,0.0,포,3000,HH,0.0,0.0,0.0
김응민,13.0,13.0,0.0,0.0,3.0,1.0,0.0,0.0,0.0,0.0,0.0,0.0,0.0,0.0,0.0,6.0,1.0,0.0,1.0,0.0,3.0,0.0,포,2900,SS,0.23076923076923078,0.3076923076923077,0.5384615384615385
이해창,43.0,40.0,0.0,0.0,5.0,0.0,0.0,0.0,0.0,0.0,0.0,0.0,2.0,0.0,1.0,11.0,0.0,1.0,7.0,1.0,13.0,1.0,포,6100,KT,0.18604651162790697,0.125,0.311046511627907
정훈,222.0,190.0,17.0,26.0,43.0,4.0,1.0,2.0,4.0,3.0,3.0,1.0,23.0,1.0,5.0,47.0,4.0,4.0,43.0,7.5,51.0,9.0,외,8000,LT,0.3242009132420091,0.2894736842105263,0.6136745974525355
오태곤,392.0,352.0,35.0,63.0,88.0,16.0,1.0,6.0,19.0,2.0,3.0,2.0,31.0,0.0,4.0,78.0,8.0,9.0,74.0,12.5,82.0,18.0,내,8000,KT,0.3161953727506427,0.3522727272727273,0.66846810002337
이상호,256.0,234.0,12.0,30.0,65.0,7.0,0.0,0.0,10.0,5.0,8.0,3.0,9.0,0.0,2.0,22.0,10.0,5.0,42.0,4.5,39.0,7.0,내,8000,NC,0.3064516129032258,0.3076923076923077,0.6141439205955335
홍재호,20.0,19.0,0.0,2.0,4.0,0.0,0.0,0.0,0.0,0.0,0.0,0.0,1.0,0.0,0.0,5.0,1.0,1.0,3.0,1.333333333,4.0,2.0,내,4000,HT,0.25,0.21052631578947367,0.4605263157894737
이인행,20.0,16.0,2.0,1.0,3.0,1.0,0.0,0.0,0.0,0.0,1.0,0.0,2.0,0.0,1.0,6.0,1.0,0.0,4.0,1.0,5.0,1.0,외,3300,HT,0.3157894736842105,0.25,0.5657894736842105
최윤석,15.0,12.0,1.0,3.0,3.0,0.0,0.0,0.0,0.0,0.0,0.0,0.0,3.0,0.0,0.0,4.0,0.0,2.0,4.0,1.5,4.0,2.0,내,4200,HH,0.4,0.25,0.65
유강남,468.0,418.0,49.0,44.0,113.0,22.0,0.0,16.0,0.0,0.0,1.0,6.0,30.0,2.0,13.0,82.0,21.0,7.0,78.0,15.166666666,100.0,21.0,포,21000,LG,0.3340471092077088,0.43779904306220097,0.7718461522699098
정병곤,31.0,27.0,4.0,6.0,5.0,1.0,0.0,0.0,0.0,0.0,0.0,0.0,2.0,0.0,2.0,4.0,2.0,1.0,7.0,2.5,9.0,3.0,내,4000,OB,0.2903225806451613,0.2222222222222222,0.5125448028673836
김재율,9.0,9.0,0.0,0.0,1.0,0.0,0.0,0.0,0.0,0.0,0.0,0.0,0.0,0.0,0.0,0.0,0.0,0.0,1.0,0.0,2.0,0.0,내,4800,LG,0.1111111111111111,0.1111111111111111,0.2222222222222222
이천웅,613.0,546.0,48.0,88.0,168.0,24.0,3.0,2.0,21.0,10.0,4.0,1.0,57.0,1.0,5.0,82.0,13.0,1.0,122.0,21.399999999,105.0,35.0,외,15000,LG,0.37766830870279144,0.37362637362637363,0.7512946823291651
최영진,275.0,251.0,20.0,29.0,63.0,15.0,1.0,5.0,4.0,1.0,8.0,0.0,14.0,2.0,2.0,47.0,4.0,8.0,59.0,7.666666666999999,57.0,13.0,내,5300,SS,0.2958801498127341,0.3784860557768924,0.6743662055896265
김동한,85.0,78.0,2.0,9.0,22.0,4.0,0.0,0.0,3.0,2.0,1.0,0.0,6.0,0.0,0.0,15.0,1.0,2.0,23.0,1.5,12.0,2.0,내,5000,LT,0.3333333333333333,0.3333333333333333,0.6666666666666666
정진호,110.0,96.0,3.0,13.0,20.0,0.0,0.0,1.0,5.0,2.0,3.0,0.0,11.0,0.0,0.0,24.0,2.0,0.0,26.0,3.5,20.0,4.0,외,11300,OB,0.2897196261682243,0.23958333333333334,0.5293029595015576
고종욱,513.0,492.0,56.0,76.0,159.0,25.0,7.0,3.0,31.0,10.0,0.0,2.0,18.0,1.0,1.0,89.0,5.0,3.0,103.0,29.333333333,126.0,43.0,외,11000,SK,0.3469785575048733,0.42073170731707316,0.7677102648219465
김헌곤,467.0,411.0,46.0,57.0,122.0,20.0,1.0,5.0,10.0,8.0,5.0,6.0,37.0,1.0,8.0,41.0,18.0,0.0,108.0,22.416666667,99.0,31.0,외,15500,SS,0.36147186147186144,0.38686131386861317,0.7483331753404746
김민하,140.0,125.0,14.0,14.0,32.0,6.0,0.0,2.0,5.0,2.0,2.0,1.0,9.0,0.0,3.0,41.0,4.0,2.0,30.0,7.5,30.0,8.0,외,3900,HH,0.3188405797101449,0.352,0.6708405797101449
허일,162.0,149.0,17.0,14.0,38.0,4.0,0.0,1.0,2.0,1.0,0.0,0.0,12.0,0.0,1.0,28.0,1.0,1.0,40.0,11.75,48.0,14.0,외,3000,LT,0.3148148148148148,0.30201342281879195,0.6168282376336067
김사훈,1.0,1.0,0.0,0.0,0.0,0.0,0.0,0.0,0.0,0.0,0.0,0.0,0.0,0.0,0.0,0.0,0.0,0.0,0.0,0.0,0.0,0.0,포,3900,LT,0.0,0.0,0.0
강경학,135.0,113.0,12.0,21.0,27.0,4.0,0.0,0.0,1.0,2.0,3.0,1.0,15.0,0.0,3.0,32.0,3.0,4.0,25.0,6.0,27.0,6.0,내,8800,HH,0.3409090909090909,0.2743362831858407,0.6152453740949315
오준혁,1.0,1.0,0.0,1.0,0.0,0.0,0.0,0.0,0.0,0.0,0.0,0.0,0.0,0.0,0.0,1.0,0.0,0.0,0.0,0.0,0.0,0.0,외,3700,SK,0.0,0.0,0.0
정진기,17.0,16.0,2.0,1.0,3.0,0.0,0.0,0.0,0.0,0.0,0.0,0.0,1.0,0.0,0.0,2.0,0.0,0.0,7.0,1.0,2.0,1.0,외,8200,SK,0.23529411764705882,0.1875,0.4227941176470588
이원재,285.0,256.0,36.0,31.0,66.0,11.0,0.0,8.0,1.0,2.0,5.0,3.0,20.0,0.0,1.0,47.0,5.0,4.0,49.0,13.166666667,68.0,19.0,내,5000,NC,0.3107142857142857,0.39453125,0.7052455357142857
서상우,24.0,21.0,1.0,2.0,5.0,1.0,0.0,0.0,0.0,0.0,0.0,0.0,3.0,0.0,0.0,8.0,1.0,0.0,1.0,0.0,4.0,0.0,내,5300,LG,0.3333333333333333,0.2857142857142857,0.6190476190476191
류지혁,316.0,276.0,34.0,36.0,69.0,6.0,2.0,0.0,18.0,5.0,6.0,3.0,24.0,0.0,7.0,40.0,6.0,11.0,71.0,13.500000000000002,76.0,20.0,내,12500,OB,0.3225806451612903,0.286231884057971,0.6088125292192613
박세혁,505.0,441.0,63.0,58.0,123.0,19.0,9.0,4.0,8.0,2.0,10.0,6.0,41.0,1.0,7.0,68.0,5.0,8.0,101.0,24.166666667,141.0,41.0,포,10000,OB,0.34545454545454546,0.3900226757369615,0.7354772211915069
유민상,202.0,175.0,26.0,23.0,51.0,15.0,0.0,5.0,0.0,0.0,0.0,0.0,24.0,0.0,3.0,35.0,6.0,3.0,38.0,10.333333333,44.0,15.0,내,4300,HT,0.38613861386138615,0.46285714285714286,0.848995756718529
박정음,88.0,71.0,7.0,13.0,14.0,2.0,1.0,0.0,6.0,5.0,1.0,0.0,11.0,0.0,5.0,31.0,1.0,0.0,25.0,4.916666667,25.0,8.0,외,4500,WO,0.3448275862068966,0.2535211267605634,0.59834871296746
김규민,250.0,222.0,24.0,33.0,55.0,8.0,1.0,3.0,2.0,4.0,0.0,2.0,22.0,0.0,4.0,68.0,4.0,1.0,50.0,9.75,66.0,14.0,외,5800,WO,0.324,0.3333333333333333,0.6573333333333333
구자욱,526.0,475.0,71.0,66.0,127.0,27.0,6.0,15.0,11.0,3.0,0.0,6.0,38.0,2.0,7.0,88.0,5.0,2.0,95.0,20.666666667,106.0,32.0,외,30000,SS,0.3269961977186312,0.4442105263157895,0.7712067240344207
박찬도,34.0,32.0,2.0,10.0,9.0,1.0,0.0,0.0,0.0,1.0,0.0,0.0,2.0,1.0,0.0,10.0,0.0,0.0,8.0,1.0,9.0,1.0,외,5500,SS,0.3235294117647059,0.3125,0.6360294117647058
박해민,581.0,506.0,44.0,64.0,121.0,16.0,7.0,5.0,24.0,7.0,12.0,3.0,58.0,0.0,2.0,82.0,4.0,2.0,102.0,19.333333333,117.0,28.0,외,36000,SS,0.3181019332161687,0.32806324110671936,0.646165174322888
이현동,2.0,2.0,0.0,0.0,0.0,0.0,0.0,0.0,0.0,0.0,0.0,0.0,0.0,0.0,0.0,1.0,0.0,1.0,0.0,0.0,0.0,0.0,외,2900,SS,0.0,0.0,0.0
윤수강,4.0,4.0,0.0,0.0,1.0,0.0,0.0,0.0,0.0,0.0,0.0,0.0,0.0,0.0,0.0,1.0,1.0,1.0,0.0,0.0,1.0,0.0,포,3200,NC,0.25,0.25,0.5
신본기,413.0,375.0,26.0,43.0,96.0,9.0,0.0,1.0,3.0,3.0,5.0,1.0,24.0,1.0,8.0,62.0,9.0,15.0,82.0,14.583333333,94.0,21.0,내,16000,LT,0.3137254901960784,0.288,0.6017254901960785
김준태,104.0,88.0,8.0,10.0,14.0,3.0,0.0,0.0,0.0,0.0,2.0,0.0,12.0,0.0,2.0,23.0,1.0,2.0,15.0,4.333333333000001,27.0,6.0,포,4400,LT,0.27450980392156865,0.19318181818181818,0.46769162210338683
윤해진,3.0,3.0,0.0,0.0,0.0,0.0,0.0,0.0,0.0,0.0,0.0,0.0,0.0,0.0,0.0,1.0,0.0,0.0,1.0,0.0,1.0,0.0,내,3900,HT,0.0,0.0,0.0
하주석,20.0,19.0,2.0,3.0,5.0,2.0,0.0,0.0,0.0,0.0,1.0,0.0,0.0,0.0,0.0,4.0,1.0,2.0,4.0,1.5,6.0,2.0,내,18000,HH,0.2631578947368421,0.3684210526315789,0.631578947368421
양성우,129.0,119.0,6.0,11.0,20.0,3.0,0.0,1.0,1.0,0.0,1.0,0.0,9.0,0.0,0.0,28.0,2.0,0.0,17.0,3.5,28.0,4.0,외,8500,HH,0.2265625,0.2184873949579832,0.4450498949579832
박승욱,245.0,223.0,15.0,24.0,52.0,3.0,4.0,3.0,4.0,1.0,6.0,0.0,14.0,0.0,2.0,50.0,5.0,5.0,44.0,6.833333333,45.0,8.0,내,6600,KT,0.28451882845188287,0.32286995515695066,0.6073887836088335
김민식,116.0,96.0,14.0,6.0,16.0,2.0,0.0,0.0,2.0,0.0,0.0,2.0,15.0,0.0,3.0,29.0,1.0,3.0,26.0,2.0,24.0,4.0,포,14000,HT,0.29310344827586204,0.1875,0.48060344827586204
최항,147.0,127.0,14.0,12.0,29.0,5.0,0.0,0.0,2.0,0.0,1.0,1.0,16.0,0.0,2.0,24.0,3.0,3.0,19.0,6.333333333000001,36.0,9.0,내,11000,SK,0.3219178082191781,0.2677165354330709,0.589634343652249
최정민,5.0,5.0,0.0,0.0,0.0,0.0,0.0,0.0,0.0,0.0,0.0,0.0,0.0,0.0,0.0,2.0,0.0,0.0,2.0,0.0,1.0,0.0,내,4500,HT,0.0,0.0,0.0
한동민,502.0,427.0,52.0,52.0,113.0,20.0,0.0,12.0,0.0,1.0,0.0,0.0,55.0,4.0,20.0,100.0,6.0,4.0,100.0,17.5,91.0,24.0,외,33000,SK,0.3745019920318725,0.3957845433255269,0.7702865353573994
박민우,526.0,468.0,45.0,89.0,161.0,23.0,8.0,1.0,18.0,7.0,2.0,6.0,41.0,1.0,9.0,40.0,10.0,9.0,100.0,25.833333333,96.0,32.0,내,38000,NC,0.4026717557251908,0.4337606837606838,0.8364324394858746
황윤호,130.0,123.0,9.0,9.0,37.0,5.0,2.0,1.0,2.0,2.0,1.0,1.0,5.0,0.0,0.0,12.0,2.0,6.0,27.0,5.0,33.0,6.0,내,4000,HT,0.32558139534883723,0.3983739837398374,0.7239553790886746
박헌욱,9.0,9.0,1.0,0.0,1.0,1.0,0.0,0.0,0.0,0.0,0.0,0.0,0.0,0.0,0.0,5.0,1.0,0.0,2.0,0.5,3.0,1.0,외,3000,NC,0.1111111111111111,0.2222222222222222,0.3333333333333333
강진성,104.0,97.0,14.0,11.0,24.0,4.0,1.0,2.0,2.0,1.0,0.0,0.0,3.0,0.0,4.0,20.0,6.0,1.0,21.0,5.0,29.0,6.0,외,3200,NC,0.2980769230769231,0.3711340206185567,0.6692109436954798
노진혁,390.0,348.0,43.0,51.0,92.0,23.0,2.0,13.0,0.0,1.0,6.0,3.0,31.0,2.0,2.0,80.0,7.0,5.0,59.0,14.583333333,79.0,19.0,내,10000,NC,0.3255208333333333,0.4540229885057471,0.7795438218390804
김성욱,333.0,287.0,36.0,38.0,66.0,16.0,1.0,9.0,6.0,4.0,9.0,5.0,29.0,1.0,3.0,69.0,4.0,2.0,58.0,14.166666667,64.0,19.0,외,13000,NC,0.30246913580246915,0.3867595818815331,0.6892287176840022
나성범,106.0,93.0,14.0,19.0,34.0,12.0,1.0,4.0,2.0,1.0,0.0,0.0,12.0,0.0,1.0,26.0,2.0,0.0,23.0,4.333333333000001,25.0,7.0,외,55000,NC,0.44339622641509435,0.6451612903225806,1.088557516737675
김진곤,34.0,30.0,6.0,4.0,8.0,2.0,0.0,0.0,1.0,1.0,2.0,0.0,2.0,0.0,0.0,8.0,1.0,0.0,3.0,4.5,8.0,5.0,외,3300,KT,0.3125,0.3333333333333333,0.6458333333333333
강승호,42.0,39.0,5.0,5.0,6.0,0.0,0.0,2.0,0.0,0.0,1.0,0.0,2.0,0.0,0.0,18.0,1.0,1.0,4.0,2.0,8.0,2.0,내,9600,SK,0.1951219512195122,0.3076923076923077,0.5028142589118199
장승현,46.0,41.0,3.0,3.0,7.0,2.0,0.0,0.0,0.0,0.0,0.0,1.0,3.0,0.0,1.0,13.0,0.0,0.0,9.0,0.0,6.0,0.0,포,3000,OB,0.2391304347826087,0.21951219512195122,0.45864262990455995
김인태,70.0,60.0,7.0,6.0,14.0,2.0,1.0,2.0,1.0,1.0,1.0,1.0,8.0,0.0,0.0,12.0,2.0,0.0,16.0,1.333333333,20.0,2.0,외,4000,OB,0.3188405797101449,0.4,0.7188405797101449
이우성,168.0,151.0,22.0,19.0,33.0,4.0,0.0,6.0,0.0,0.0,1.0,2.0,12.0,0.0,2.0,40.0,3.0,1.0,23.0,9.5,46.0,11.0,외,4000,HT,0.281437125748503,0.36423841059602646,0.6456755363445295
이흥련,44.0,42.0,5.0,3.0,13.0,2.0,1.0,0.0,0.0,0.0,0.0,0.0,2.0,0.0,0.0,12.0,1.0,0.0,11.0,2.0,9.0,2.0,포,9000,OB,0.3409090909090909,0.40476190476190477,0.7456709956709957
김영환,15.0,14.0,0.0,1.0,1.0,0.0,0.0,0.0,0.0,0.0,0.0,0.0,1.0,0.0,0.0,3.0,1.0,0.0,2.0,0.0,2.0,0.0,내,3000,KT,0.13333333333333333,0.07142857142857142,0.20476190476190476
정현,45.0,38.0,2.0,3.0,3.0,0.0,0.0,0.0,1.0,1.0,0.0,1.0,6.0,0.0,0.0,17.0,1.0,0.0,5.0,1.25,12.0,2.0,내,5300,SK,0.2,0.07894736842105263,0.2789473684210526
정준혁,11.0,11.0,1.0,1.0,3.0,0.0,0.0,0.0,0.0,0.0,0.0,0.0,0.0,0.0,0.0,6.0,0.0,0.0,0.0,1.0,3.0,1.0,외,2700,LT,0.2727272727272727,0.2727272727272727,0.5454545454545454
백동훈,52.0,47.0,2.0,8.0,8.0,2.0,0.0,0.0,0.0,1.0,0.0,0.0,4.0,0.0,1.0,16.0,0.0,0.0,10.0,1.0,12.0,1.0,외,3400,OB,0.25,0.2127659574468085,0.4627659574468085
조홍석,65.0,60.0,5.0,8.0,7.0,2.0,1.0,0.0,1.0,0.0,0.0,1.0,4.0,0.0,0.0,14.0,1.0,0.0,12.0,1.333333333,17.0,2.0,외,3600,LT,0.16923076923076924,0.18333333333333332,0.35256410256410253
고장혁,32.0,31.0,3.0,2.0,7.0,0.0,1.0,0.0,0.0,1.0,0.0,0.0,0.0,0.0,1.0,8.0,1.0,4.0,8.0,2.0,10.0,2.0,내,5000,HT,0.25,0.2903225806451613,0.5403225806451613
장운호,12.0,10.0,0.0,2.0,1.0,0.0,0.0,0.0,0.0,1.0,1.0,0.0,1.0,0.0,0.0,1.0,0.0,0.0,1.0,0.0,1.0,0.0,외,4800,HH,0.18181818181818182,0.1,0.28181818181818186
박한결,11.0,11.0,0.0,0.0,2.0,0.0,0.0,0.0,0.0,1.0,0.0,0.0,0.0,0.0,0.0,4.0,1.0,0.0,2.0,0.0,2.0,0.0,내,2700,HH,0.18181818181818182,0.18181818181818182,0.36363636363636365
노수광,445.0,388.0,28.0,69.0,97.0,16.0,1.0,2.0,27.0,10.0,9.0,0.0,46.0,0.0,2.0,68.0,1.0,3.0,62.0,16.0,63.0,21.0,외,26500,SK,0.33256880733944955,0.3118556701030928,0.6444244774425423
한승택,288.0,251.0,27.0,22.0,56.0,9.0,1.0,3.0,1.0,0.0,7.0,2.0,27.0,1.0,1.0,82.0,8.0,5.0,48.0,14.166666667,68.0,20.0,포,6000,HT,0.298932384341637,0.30278884462151395,0.601721228963151
최민재,2.0,2.0,0.0,0.0,0.0,0.0,0.0,0.0,0.0,0.0,0.0,0.0,0.0,0.0,0.0,0.0,0.0,0.0,0.0,0.0,1.0,0.0,외,2800,SK,0.0,0.0,0.0
유영준,4.0,4.0,0.0,0.0,0.0,0.0,0.0,0.0,0.0,0.0,0.0,0.0,0.0,0.0,0.0,1.0,0.0,0.0,1.0,0.0,0.0,0.0,내,2700,NC,0.0,0.0,0.0
김준완,19.0,16.0,1.0,0.0,4.0,0.0,0.0,0.0,0.0,0.0,0.0,1.0,2.0,0.0,0.0,2.0,0.0,0.0,5.0,0.0,4.0,0.0,외,8000,NC,0.3157894736842105,0.25,0.5657894736842105
권희동,413.0,348.0,41.0,37.0,89.0,17.0,0.0,6.0,3.0,0.0,5.0,3.0,50.0,1.0,7.0,60.0,10.0,4.0,98.0,13.333333333,97.0,22.0,외,14000,NC,0.35784313725490197,0.3563218390804598,0.7141649763353617
김민혁,521.0,466.0,32.0,68.0,131.0,10.0,1.0,0.0,22.0,10.0,5.0,5.0,32.0,0.0,13.0,61.0,8.0,4.0,91.0,19.666666665,109.0,28.0,외,3900,KT,0.34108527131782945,0.30686695278969955,0.6479522241075291
심우준,433.0,391.0,28.0,54.0,109.0,13.0,1.0,3.0,24.0,3.0,12.0,1.0,23.0,0.0,6.0,68.0,7.0,11.0,103.0,12.333333332,79.0,20.0,내,8500,KT,0.32779097387173395,0.340153452685422,0.6679444265571559
문상철,68.0,60.0,7.0,8.0,12.0,1.0,0.0,2.0,2.0,0.0,0.0,2.0,4.0,0.0,2.0,26.0,1.0,4.0,10.0,1.833333333,17.0,3.0,내,3100,KT,0.2647058823529412,0.31666666666666665,0.5813725490196078
안승한,47.0,44.0,5.0,4.0,6.0,1.0,0.0,0.0,0.0,0.0,1.0,0.0,1.0,0.0,1.0,13.0,1.0,2.0,3.0,1.5,18.0,2.0,포,2700,KT,0.17391304347826086,0.1590909090909091,0.3330039525691699
송민섭,64.0,53.0,4.0,24.0,16.0,0.0,1.0,0.0,1.0,3.0,1.0,1.0,6.0,0.0,3.0,13.0,0.0,0.0,32.0,4.0,13.0,4.0,외,3300,KT,0.3968253968253968,0.33962264150943394,0.7364480383348307
김병희,7.0,7.0,0.0,0.0,1.0,0.0,0.0,0.0,0.0,0.0,0.0,0.0,0.0,0.0,0.0,2.0,0.0,0.0,1.0,0.0,0.0,0.0,내,2800,KT,0.14285714285714285,0.14285714285714285,0.2857142857142857
안중열,145.0,136.0,4.0,10.0,26.0,6.0,1.0,2.0,0.0,1.0,1.0,0.0,6.0,0.0,2.0,41.0,2.0,5.0,17.0,1.333333333,25.0,2.0,포,5100,LT,0.2361111111111111,0.29411764705882354,0.5302287581699346
신성현,54.0,41.0,6.0,9.0,8.0,0.0,0.0,1.0,0.0,0.0,0.0,2.0,10.0,0.0,1.0,14.0,0.0,2.0,13.0,1.25,16.0,3.0,내,5000,OB,0.35185185185185186,0.2682926829268293,0.6201445347786811
양원혁,0.0,0.0,0.0,1.0,0.0,0.0,0.0,0.0,0.0,0.0,0.0,0.0,0.0,0.0,0.0,0.0,0.0,0.0,0.0,0.0,0.0,0.0,내,3200,LG,,,
류형우,12.0,11.0,1.0,2.0,2.0,0.0,0.0,0.0,0.0,0.0,0.0,0.0,1.0,0.0,0.0,3.0,1.0,0.0,4.0,1.0,3.0,1.0,내,2700,LG,0.25,0.18181818181818182,0.4318181818181818
배정대,84.0,74.0,6.0,15.0,15.0,4.0,0.0,0.0,0.0,2.0,2.0,0.0,7.0,0.0,1.0,23.0,2.0,1.0,12.0,4.0,19.0,5.0,외,3800,KT,0.2804878048780488,0.25675675675675674,0.5372445616348056
김경호,27.0,26.0,2.0,4.0,5.0,1.0,0.0,0.0,0.0,0.0,1.0,0.0,0.0,0.0,0.0,7.0,0.0,0.0,11.0,1.0,8.0,1.0,외,2700,OB,0.19230769230769232,0.23076923076923078,0.42307692307692313
이성곤,28.0,28.0,0.0,1.0,5.0,3.0,0.0,0.0,0.0,0.0,0.0,0.0,0.0,0.0,0.0,6.0,0.0,0.0,3.0,0.0,5.0,0.0,외,3200,SS,0.17857142857142858,0.2857142857142857,0.4642857142857143
김하성,625.0,540.0,104.0,112.0,166.0,38.0,2.0,19.0,33.0,4.0,1.0,7.0,70.0,4.0,7.0,80.0,12.0,20.0,125.0,38.0,162.0,59.0,내,32000,WO,0.3894230769230769,0.49074074074074076,0.8801638176638177
임지열,18.0,15.0,3.0,0.0,2.0,1.0,0.0,0.0,0.0,0.0,1.0,0.0,1.0,0.0,1.0,7.0,1.0,2.0,4.0,1.0,4.0,1.0,내,2700,WO,0.23529411764705882,0.2,0.43529411764705883
임병욱,419.0,379.0,41.0,39.0,92.0,17.0,5.0,0.0,10.0,2.0,6.0,0.0,23.0,0.0,11.0,110.0,6.0,4.0,90.0,17.666666666,101.0,27.0,외,10000,WO,0.3050847457627119,0.31398416886543534,0.6190689146281472
김호재,33.0,32.0,0.0,1.0,7.0,1.0,0.0,0.0,0.0,1.0,0.0,0.0,1.0,0.0,0.0,7.0,1.0,0.0,5.0,0.0,6.0,0.0,내,3000,SS,0.24242424242424243,0.25,0.49242424242424243
백승민,45.0,42.0,4.0,4.0,10.0,1.0,0.0,0.0,0.0,0.0,0.0,1.0,2.0,0.0,0.0,12.0,2.0,1.0,9.0,3.166666667,14.0,5.0,내,3700,SS,0.26666666666666666,0.2619047619047619,0.5285714285714286
박계범,204.0,168.0,25.0,26.0,43.0,8.0,1.0,4.0,5.0,1.0,6.0,3.0,22.0,0.0,5.0,45.0,7.0,9.0,41.0,6.499999999999999,47.0,12.0,내,3000,SS,0.35353535353535354,0.3869047619047619,0.7404401154401155
송준석,56.0,51.0,4.0,6.0,12.0,3.0,0.0,1.0,0.0,0.0,1.0,1.0,2.0,0.0,1.0,14.0,3.0,1.0,10.0,0.333333333,16.0,1.0,외,2900,SS,0.2727272727272727,0.35294117647058826,0.625668449197861
최선호,8.0,6.0,0.0,1.0,1.0,0.0,0.0,0.0,1.0,0.0,0.0,0.0,2.0,0.0,0.0,0.0,0.0,0.0,8.0,0.0,0.0,0.0,외,4300,SS,0.375,0.16666666666666666,0.5416666666666666
김재현,2.0,2.0,0.0,1.0,0.0,0.0,0.0,0.0,0.0,0.0,0.0,0.0,0.0,0.0,0.0,1.0,0.0,0.0,0.0,0.0,0.0,0.0,내,7000,SS,0.0,0.0,0.0
배성근,48.0,44.0,2.0,4.0,9.0,1.0,0.0,0.0,1.0,0.0,0.0,0.0,4.0,0.0,0.0,13.0,0.0,3.0,16.0,2.0,11.0,2.0,내,2700,LT,0.2708333333333333,0.22727272727272727,0.49810606060606055
오윤석,228.0,198.0,21.0,21.0,44.0,2.0,0.0,1.0,0.0,0.0,4.0,4.0,20.0,1.0,2.0,43.0,4.0,5.0,47.0,10.833333333,55.0,16.0,내,3000,LT,0.29464285714285715,0.2474747474747475,0.5421176046176046
이창진,470.0,400.0,48.0,57.0,108.0,25.0,1.0,6.0,8.0,8.0,4.0,5.0,57.0,0.0,4.0,92.0,8.0,5.0,92.0,17.333333333,101.0,27.0,내,3100,HT,0.3626609442060086,0.3825,0.7451609442060085
박찬호,541.0,504.0,49.0,60.0,131.0,15.0,4.0,2.0,39.0,6.0,5.0,2.0,26.0,0.0,4.0,83.0,8.0,16.0,93.0,23.249999999,130.0,40.0,내,4200,HT,0.3003731343283582,0.31746031746031744,0.6178334517886757
박준태,47.0,41.0,4.0,13.0,7.0,3.0,0.0,0.0,1.0,1.0,0.0,2.0,4.0,0.0,0.0,15.0,1.0,0.0,9.0,0.5,11.0,1.0,외,7000,HT,0.23404255319148937,0.24390243902439024,0.4779449922158796
이창열,16.0,13.0,1.0,3.0,2.0,0.0,0.0,0.0,0.0,0.0,1.0,0.0,1.0,0.0,1.0,5.0,1.0,0.0,5.0,1.0,4.0,1.0,내,2900,HH,0.26666666666666666,0.15384615384615385,0.4205128205128205
지성준,109.0,104.0,11.0,7.0,26.0,6.0,0.0,2.0,0.0,0.0,0.0,0.0,5.0,0.0,0.0,21.0,3.0,0.0,19.0,4.833333333000001,31.0,7.0,포,5700,HH,0.28440366972477066,0.36538461538461536,0.649788285109386
박준혁,2.0,2.0,0.0,0.0,0.0,0.0,0.0,0.0,0.0,0.0,0.0,0.0,0.0,0.0,0.0,1.0,0.0,0.0,0.0,0.0,0.0,0.0,외,3000,HH,0.0,0.0,0.0
김민수,41.0,39.0,2.0,5.0,8.0,1.0,0.0,0.0,0.0,0.0,0.0,1.0,1.0,0.0,0.0,16.0,0.0,0.0,4.0,0.5,10.0,1.0,포,3300,SS,0.21951219512195122,0.23076923076923078,0.45028142589118203
임재현,3.0,3.0,0.0,1.0,2.0,0.0,0.0,0.0,0.0,0.0,0.0,0.0,0.0,0.0,0.0,1.0,0.0,0.0,2.0,0.0,1.0,0.0,외,3200,SK,0.6666666666666666,0.6666666666666666,1.3333333333333333
조용호,211.0,188.0,19.0,15.0,55.0,6.0,3.0,0.0,3.0,4.0,2.0,0.0,21.0,0.0,0.0,28.0,0.0,0.0,52.0,13.916666667,62.0,19.0,외,4000,KT,0.36363636363636365,0.35638297872340424,0.7200193423597678
강민국,94.0,88.0,7.0,12.0,24.0,0.0,1.0,0.0,2.0,0.0,0.0,0.0,6.0,0.0,0.0,17.0,2.0,9.0,18.0,5.333333333000001,27.0,7.0,내,2700,KT,0.3191489361702128,0.29545454545454547,0.6146034816247583
김태진,399.0,374.0,46.0,44.0,103.0,14.0,5.0,5.0,12.0,4.0,5.0,3.0,16.0,0.0,1.0,67.0,3.0,3.0,76.0,20.5,98.0,29.0,내,3300,NC,0.30456852791878175,0.37967914438502676,0.6842476723038085
백승현,30.0,30.0,0.0,1.0,5.0,1.0,0.0,0.0,1.0,0.0,0.0,0.0,0.0,0.0,0.0,10.0,1.0,1.0,5.0,0.0,10.0,0.0,내,3100,LG,0.16666666666666666,0.2,0.3666666666666667
김재성,7.0,5.0,1.0,0.0,1.0,0.0,0.0,0.0,0.0,0.0,0.0,0.0,2.0,0.0,0.0,2.0,0.0,0.0,3.0,0.5,3.0,1.0,포,2900,LG,0.42857142857142855,0.2,0.6285714285714286
박지규,18.0,11.0,1.0,2.0,1.0,0.0,0.0,0.0,0.0,0.0,1.0,0.0,4.0,0.0,2.0,7.0,0.0,1.0,5.0,0.0,2.0,0.0,내,4500,LG,0.4117647058823529,0.09090909090909091,0.5026737967914439
신민재,94.0,81.0,5.0,25.0,19.0,3.0,0.0,0.0,10.0,8.0,1.0,1.0,8.0,0.0,3.0,17.0,0.0,0.0,34.0,3.5,19.0,4.0,내,2700,LG,0.3225806451612903,0.2716049382716049,0.5941855834328953
김은성,10.0,8.0,0.0,1.0,1.0,0.0,0.0,0.0,0.0,0.0,0.0,0.0,2.0,0.0,0.0,2.0,1.0,1.0,2.0,0.0,1.0,0.0,내,2700,WO,0.3,0.125,0.425
송성문,335.0,308.0,34.0,33.0,70.0,12.0,5.0,3.0,2.0,1.0,4.0,4.0,19.0,0.0,0.0,53.0,7.0,7.0,51.0,13.666666666,96.0,22.0,내,7500,WO,0.2688821752265861,0.32792207792207795,0.596804253148664
허정협,77.0,68.0,8.0,3.0,16.0,1.0,0.0,0.0,0.0,0.0,0.0,1.0,7.0,0.0,1.0,19.0,1.0,0.0,13.0,5.5,20.0,6.0,외,4000,WO,0.3116883116883117,0.25,0.5616883116883117
최정용,21.0,21.0,1.0,4.0,6.0,0.0,0.0,0.0,0.0,0.0,0.0,0.0,0.0,0.0,0.0,10.0,0.0,1.0,3.0,1.0,4.0,1.0,내,3600,HT,0.2857142857142857,0.2857142857142857,0.5714285714285714
강로한,306.0,288.0,25.0,38.0,69.0,15.0,6.0,4.0,7.0,1.0,1.0,1.0,13.0,0.0,3.0,107.0,3.0,20.0,50.0,10.333333333,58.0,16.0,내,2900,LT,0.2786885245901639,0.375,0.6536885245901639
전병우,55.0,51.0,0.0,2.0,5.0,1.0,0.0,0.0,0.0,0.0,1.0,0.0,3.0,0.0,0.0,22.0,0.0,2.0,7.0,0.0,12.0,0.0,내,4000,LT,0.14814814814814814,0.11764705882352941,0.2657952069716776
황대인,28.0,25.0,0.0,0.0,5.0,2.0,0.0,0.0,0.0,0.0,0.0,0.0,1.0,0.0,2.0,8.0,0.0,0.0,3.0,0.0,6.0,0.0,내,3200,HT,0.2857142857142857,0.28,0.5657142857142857
이현석,3.0,3.0,0.0,0.0,0.0,0.0,0.0,0.0,0.0,0.0,0.0,0.0,0.0,0.0,0.0,0.0,0.0,0.0,0.0,0.0,0.0,0.0,포,2800,SK,0.0,0.0,0.0
김웅빈,11.0,11.0,3.0,1.0,3.0,1.0,0.0,0.0,0.0,0.0,0.0,0.0,0.0,0.0,0.0,2.0,2.0,0.0,2.0,1.5,5.0,2.0,내,3700,WO,0.2727272727272727,0.36363636363636365,0.6363636363636364
최승민,10.0,9.0,1.0,5.0,4.0,1.0,0.0,0.0,6.0,2.0,0.0,0.0,1.0,0.0,0.0,2.0,0.0,0.0,16.0,0.0,2.0,0.0,외,2700,NC,0.5,0.5555555555555556,1.0555555555555556
남태혁,24.0,22.0,1.0,1.0,5.0,0.0,0.0,0.0,0.0,0.0,0.0,0.0,2.0,0.0,0.0,3.0,3.0,0.0,3.0,0.5,6.0,1.0,내,3300,SK,0.2916666666666667,0.22727272727272727,0.5189393939393939
홍창기,26.0,24.0,0.0,3.0,6.0,2.0,0.0,0.0,3.0,0.0,0.0,0.0,1.0,0.0,1.0,12.0,1.0,0.0,6.0,1.0,6.0,1.0,외,3500,LG,0.3076923076923077,0.3333333333333333,0.641025641025641
서예일,3.0,3.0,0.0,0.0,0.0,0.0,0.0,0.0,0.0,0.0,0.0,0.0,0.0,0.0,0.0,0.0,0.0,0.0,0.0,0.0,0.0,0.0,내,3100,OB,0.0,0.0,0.0
주효상,30.0,29.0,5.0,3.0,6.0,2.0,1.0,0.0,0.0,0.0,0.0,0.0,1.0,0.0,0.0,7.0,0.0,1.0,4.0,2.0,10.0,2.0,포,4500,WO,0.23333333333333334,0.3448275862068966,0.57816091954023
이성규,46.0,43.0,7.0,3.0,11.0,2.0,0.0,2.0,1.0,1.0,0.0,0.0,2.0,0.0,1.0,16.0,1.0,3.0,7.0,1.25,10.0,3.0,내,3300,SS,0.30434782608695654,0.4418604651162791,0.7462082912032356
김성훈,88.0,77.0,5.0,14.0,14.0,1.0,1.0,1.0,4.0,3.0,4.0,0.0,7.0,0.0,0.0,11.0,0.0,3.0,24.0,2.5,13.0,3.0,내,7000,SS,0.25,0.2597402597402597,0.5097402597402597
이찬건,2.0,2.0,0.0,0.0,0.0,0.0,0.0,0.0,0.0,0.0,0.0,0.0,0.0,0.0,0.0,2.0,0.0,0.0,0.0,0.0,1.0,0.0,내,2700,LT,0.0,0.0,0.0
나경민,49.0,45.0,7.0,10.0,9.0,0.0,2.0,0.0,2.0,0.0,0.0,0.0,3.0,0.0,1.0,12.0,0.0,0.0,17.0,4.5,15.0,5.0,외,5500,LT,0.2653061224489796,0.28888888888888886,0.5541950113378684
최원준,255.0,232.0,18.0,33.0,46.0,11.0,3.0,1.0,8.0,4.0,2.0,1.0,16.0,0.0,4.0,51.0,4.0,6.0,43.0,8.083333332999999,56.0,13.0,내,10000,HT,0.2608695652173913,0.28448275862068967,0.545352323838081
류승현,163.0,150.0,14.0,14.0,38.0,8.0,1.0,0.0,3.0,2.0,0.0,0.0,9.0,0.0,4.0,29.0,3.0,1.0,31.0,7.5,45.0,10.0,내,3600,HT,0.3128834355828221,0.32,0.6328834355828221
이진영,15.0,15.0,2.0,1.0,2.0,0.0,0.0,0.0,0.0,0.0,0.0,0.0,0.0,0.0,0.0,4.0,0.0,0.0,2.0,1.0,7.0,2.0,외,3400,HT,0.13333333333333333,0.13333333333333333,0.26666666666666666
신범수,65.0,57.0,7.0,4.0,12.0,5.0,0.0,2.0,0.0,0.0,0.0,0.0,7.0,0.0,1.0,14.0,1.0,1.0,15.0,3.0,15.0,3.0,포,3200,HT,0.3076923076923077,0.40350877192982454,0.7112010796221322
이동훈,31.0,31.0,4.0,3.0,9.0,1.0,0.0,0.0,3.0,0.0,0.0,0.0,0.0,0.0,0.0,8.0,1.0,0.0,6.0,2.0,13.0,3.0,외,3500,HH,0.2903225806451613,0.3225806451612903,0.6129032258064516
김태연,6.0,4.0,0.0,0.0,1.0,1.0,0.0,0.0,0.0,0.0,0.0,0.0,2.0,0.0,0.0,2.0,0.0,1.0,4.0,0.0,0.0,0.0,내,3200,HH,0.5,0.5,1.0
장진혁,349.0,315.0,24.0,42.0,80.0,16.0,5.0,1.0,13.0,5.0,2.0,1.0,26.0,0.0,5.0,74.0,4.0,3.0,63.0,13.833333333,77.0,18.0,외,3800,HH,0.31988472622478387,0.346031746031746,0.6659164722565298
박상언,1.0,1.0,0.0,0.0,0.0,0.0,0.0,0.0,0.0,0.0,0.0,0.0,0.0,0.0,0.0,1.0,0.0,0.0,0.0,0.0,0.0,0.0,포,2800,HH,0.0,0.0,0.0
김인환,46.0,42.0,2.0,1.0,9.0,1.0,0.0,0.0,0.0,0.0,0.0,2.0,2.0,0.0,0.0,9.0,0.0,1.0,8.0,0.0,8.0,0.0,내,3000,HH,0.2391304347826087,0.23809523809523808,0.4772256728778468
김동엽,211.0,195.0,25.0,15.0,42.0,4.0,1.0,6.0,2.0,1.0,0.0,2.0,12.0,0.0,2.0,47.0,2.0,1.0,38.0,7.833333333000001,46.0,11.0,외,18500,SS,0.26540284360189575,0.3384615384615385,0.6038643820634342
안상현,108.0,102.0,5.0,14.0,24.0,3.0,0.0,0.0,7.0,3.0,1.0,1.0,4.0,0.0,0.0,28.0,3.0,6.0,27.0,4.5,22.0,5.0,내,3000,SK,0.2616822429906542,0.2647058823529412,0.5263881253435954
김찬형,154.0,141.0,12.0,16.0,39.0,4.0,2.0,1.0,3.0,4.0,2.0,1.0,6.0,0.0,4.0,21.0,1.0,3.0,39.0,4.5,35.0,5.0,내,4300,NC,0.3223684210526316,0.3546099290780142,0.6769783501306458
안치영,7.0,6.0,0.0,1.0,1.0,0.0,0.0,0.0,0.0,0.0,0.0,0.0,0.0,0.0,1.0,2.0,0.0,0.0,3.0,0.0,3.0,0.0,내,2900,KT,0.2857142857142857,0.16666666666666666,0.45238095238095233
로하스,578.0,521.0,104.0,68.0,168.0,30.0,3.0,24.0,4.0,4.0,0.0,5.0,49.0,5.0,3.0,120.0,4.0,6.0,122.0,27.499999999,155.0,46.0,외,1000000,KT,0.3806228373702422,0.5297504798464492,0.9103733172166915
전준호,5.0,5.0,0.0,0.0,0.0,0.0,0.0,0.0,0.0,0.0,0.0,0.0,0.0,0.0,0.0,1.0,0.0,0.0,0.0,0.0,0.0,0.0,포,2700,LG,0.0,0.0,0.0
박유연,1.0,1.0,0.0,0.0,0.0,0.0,0.0,0.0,0.0,0.0,0.0,0.0,0.0,0.0,0.0,1.0,0.0,0.0,0.0,0.0,0.0,0.0,포,2800,OB,0.0,0.0,0.0
이유찬,13.0,13.0,1.0,6.0,3.0,0.0,0.0,0.0,5.0,0.0,0.0,0.0,0.0,0.0,0.0,3.0,0.0,1.0,13.0,1.5,7.0,2.0,내,2900,OB,0.23076923076923078,0.23076923076923078,0.46153846153846156
김혜성,387.0,348.0,32.0,57.0,96.0,16.0,7.0,0.0,20.0,3.0,4.0,4.0,29.0,1.0,2.0,85.0,4.0,15.0,71.0,16.833333333,85.0,23.0,내,7000,WO,0.33159268929503916,0.3620689655172414,0.6936616548122805
이정후,630.0,574.0,68.0,91.0,193.0,31.0,10.0,6.0,13.0,7.0,3.0,4.0,45.0,0.0,4.0,40.0,15.0,2.0,130.0,27.666666665,137.0,42.0,외,23000,WO,0.38596491228070173,0.4564459930313589,0.8424109053120606
러프,568.0,472.0,101.0,80.0,138.0,35.0,2.0,22.0,6.0,3.0,0.0,9.0,80.0,6.0,7.0,87.0,18.0,5.0,109.0,28.416666666,142.0,45.0,내,1300000,SS,0.3961267605633803,0.5148305084745762,0.9109572690379566
김민수,37.0,34.0,1.0,0.0,8.0,3.0,0.0,0.0,0.0,0.0,0.0,0.0,1.0,0.0,2.0,14.0,2.0,1.0,9.0,1.0,3.0,1.0,내,2700,LT,0.2972972972972973,0.3235294117647059,0.6208267090620032
나종덕,209.0,185.0,13.0,12.0,23.0,4.0,0.0,3.0,0.0,0.0,7.0,2.0,9.0,0.0,6.0,88.0,5.0,5.0,26.0,1.999999999,41.0,4.0,포,4300,LT,0.18811881188118812,0.1945945945945946,0.3827134064757827
이정훈,15.0,14.0,3.0,0.0,4.0,1.0,0.0,0.0,0.0,0.0,0.0,1.0,0.0,0.0,0.0,1.0,2.0,0.0,4.0,0.666666667,7.0,2.0,포,3000,HT,0.26666666666666666,0.35714285714285715,0.6238095238095238
로맥,589.0,504.0,95.0,86.0,139.0,28.0,1.0,29.0,6.0,3.0,0.0,6.0,73.0,3.0,6.0,117.0,11.0,4.0,119.0,22.766666666,143.0,38.0,내,1050000,SK,0.3701188455008489,0.5079365079365079,0.8780553534373567
강백호,505.0,438.0,65.0,72.0,147.0,29.0,1.0,13.0,9.0,5.0,0.0,4.0,61.0,4.0,2.0,87.0,11.0,3.0,103.0,21.249999998,116.0,33.0,외,12000,KT,0.4158415841584158,0.4954337899543379,0.9112753741127537
고명성,18.0,16.0,0.0,4.0,2.0,0.0,0.0,0.0,0.0,0.0,0.0,0.0,2.0,0.0,0.0,7.0,1.0,2.0,6.0,0.0,1.0,0.0,내,2800,KT,0.2222222222222222,0.125,0.3472222222222222
전민재,0.0,0.0,0.0,0.0,0.0,0.0,0.0,0.0,0.0,0.0,0.0,0.0,0.0,0.0,0.0,0.0,0.0,0.0,0.0,0.0,0.0,0.0,내,2800,OB,,,
예진원,8.0,6.0,1.0,1.0,1.0,1.0,0.0,0.0,0.0,0.0,0.0,0.0,2.0,0.0,0.0,3.0,0.0,0.0,2.0,1.0,2.0,1.0,외,2700,WO,0.375,0.3333333333333333,0.7083333333333333
샌즈,613.0,525.0,113.0,100.0,160.0,39.0,1.0,28.0,1.0,2.0,0.0,5.0,77.0,1.0,6.0,101.0,17.0,5.0,119.0,28.750000001,162.0,49.0,외,400000,WO,0.3964110929853181,0.5428571428571428,0.9392682358424609
추재현,1.0,1.0,0.0,0.0,0.0,0.0,0.0,0.0,0.0,0.0,0.0,0.0,0.0,0.0,0.0,0.0,0.0,0.0,0.0,0.0,0.0,0.0,외,2700,WO,0.0,0.0,0.0
공민규,60.0,53.0,6.0,4.0,13.0,1.0,0.0,3.0,0.0,0.0,0.0,0.0,6.0,0.0,1.0,18.0,0.0,2.0,13.0,0.0,15.0,0.0,내,2700,SS,0.3333333333333333,0.4339622641509434,0.7672955974842768
정보근,35.0,32.0,1.0,3.0,4.0,0.0,0.0,0.0,0.0,0.0,0.0,0.0,2.0,0.0,1.0,10.0,2.0,0.0,3.0,1.0,6.0,1.0,포,2700,LT,0.2,0.125,0.325
한동희,207.0,187.0,9.0,12.0,38.0,9.0,0.0,2.0,1.0,0.0,0.0,2.0,18.0,0.0,0.0,57.0,3.0,9.0,41.0,2.166666666,44.0,5.0,내,4900,LT,0.27053140096618356,0.28342245989304815,0.5539538608592317
오정환,29.0,28.0,1.0,8.0,4.0,0.0,0.0,0.0,0.0,2.0,1.0,0.0,0.0,0.0,0.0,12.0,1.0,1.0,6.0,1.5,6.0,2.0,내,2700,HT,0.14285714285714285,0.14285714285714285,0.2857142857142857
한준수,20.0,20.0,2.0,2.0,6.0,2.0,0.0,0.0,0.0,0.0,0.0,0.0,0.0,0.0,0.0,2.0,2.0,0.0,2.0,1.333333333,5.0,2.0,포,2700,HT,0.3,0.4,0.7
이원석,9.0,6.0,0.0,3.0,0.0,0.0,0.0,0.0,2.0,0.0,0.0,0.0,2.0,0.0,1.0,5.0,0.0,0.0,4.0,0.0,2.0,0.0,외,2700,HH,0.3333333333333333,0.0,0.3333333333333333
호잉,525.0,476.0,73.0,74.0,135.0,26.0,2.0,18.0,22.0,7.0,1.0,5.0,38.0,5.0,5.0,90.0,6.0,2.0,85.0,22.666666666,126.0,33.0,외,800000,HH,0.33969465648854963,0.46008403361344535,0.799778690101995
정은원,624.0,564.0,57.0,83.0,148.0,27.0,6.0,8.0,14.0,7.0,6.0,6.0,48.0,0.0,0.0,101.0,6.0,13.0,106.0,18.5,112.0,27.0,내,5500,HH,0.31715210355987056,0.374113475177305,0.6912655787371755
최준우,36.0,33.0,0.0,3.0,7.0,2.0,0.0,0.0,0.0,0.0,0.0,0.0,3.0,0.0,0.0,3.0,2.0,0.0,6.0,0.0,5.0,0.0,내,2900,SK,0.2777777777777778,0.2727272727272727,0.5505050505050505
이인혁,9.0,8.0,1.0,1.0,2.0,0.0,0.0,1.0,0.0,0.0,0.0,0.0,1.0,0.0,0.0,3.0,0.0,0.0,3.0,0.0,1.0,0.0,외,2700,NC,0.3333333333333333,0.625,0.9583333333333333
오영수,8.0,8.0,0.0,0.0,1.0,0.0,0.0,0.0,0.0,0.0,0.0,0.0,0.0,0.0,0.0,4.0,0.0,0.0,0.0,0.0,2.0,0.0,내,3000,NC,0.125,0.125,0.25
김철호,2.0,2.0,0.0,0.0,0.0,0.0,0.0,0.0,0.0,0.0,0.0,0.0,0.0,0.0,0.0,0.0,0.0,0.0,0.0,0.0,0.0,0.0,내,2700,NC,0.0,0.0,0.0
김형준,119.0,107.0,9.0,13.0,24.0,5.0,0.0,2.0,0.0,0.0,4.0,0.0,8.0,0.0,0.0,24.0,1.0,1.0,22.0,3.0,41.0,5.0,포,3200,NC,0.2782608695652174,0.32710280373831774,0.6053636733035351
박민석,1.0,1.0,0.0,0.0,0.0,0.0,0.0,0.0,0.0,0.0,0.0,0.0,0.0,0.0,0.0,0.0,0.0,0.0,1.0,0.0,0.0,0.0,내,2700,KT,0.0,0.0,0.0
구본혁,95.0,85.0,6.0,10.0,15.0,1.0,0.0,1.0,2.0,1.0,1.0,1.0,6.0,0.0,2.0,17.0,0.0,1.0,23.0,0.833333333,15.0,2.0,내,2700,LG,0.24468085106382978,0.2235294117647059,0.4682102628285357
조셉,217.0,197.0,36.0,17.0,54.0,3.0,0.0,9.0,0.0,1.0,0.0,2.0,14.0,0.0,4.0,46.0,3.0,4.0,44.0,12.5,57.0,15.0,내,700000,LG,0.3317972350230415,0.4263959390862944,0.758193174109336
페게로,214.0,199.0,44.0,24.0,57.0,10.0,0.0,9.0,2.0,1.0,0.0,1.0,12.0,0.0,2.0,63.0,2.0,6.0,36.0,10.583333333,65.0,18.0,내,150000,LG,0.3317757009345794,0.4723618090452261,0.8041375099798056
송승환,2.0,2.0,0.0,0.0,0.0,0.0,0.0,0.0,0.0,0.0,0.0,0.0,0.0,0.0,0.0,1.0,0.0,0.0,1.0,0.0,2.0,0.0,내,2700,OB,0.0,0.0,0.0
김태근,0.0,0.0,0.0,2.0,0.0,0.0,0.0,0.0,1.0,2.0,0.0,0.0,0.0,0.0,0.0,0.0,0.0,0.0,3.0,0.0,0.0,0.0,외,2700,OB,,,
페르난데스,645.0,572.0,88.0,87.0,197.0,34.0,0.0,15.0,1.0,2.0,0.0,6.0,61.0,4.0,6.0,54.0,16.0,3.0,123.0,27.499999998,134.0,42.0,내,300000,OB,0.40930232558139534,0.4825174825174825,0.8918198080988778
김대한,18.0,15.0,0.0,4.0,0.0,0.0,0.0,0.0,0.0,0.0,0.0,0.0,3.0,0.0,0.0,9.0,0.0,1.0,5.0,0.0,7.0,0.0,외,2700,OB,0.16666666666666666,0.0,0.16666666666666666
김주형,1.0,1.0,0.0,0.0,0.0,0.0,0.0,0.0,0.0,0.0,0.0,0.0,0.0,0.0,0.0,0.0,0.0,0.0,1.0,0.0,0.0,0.0,내,2700,WO,0.0,0.0,0.0
양우현,1.0,1.0,0.0,0.0,0.0,0.0,0.0,0.0,0.0,0.0,0.0,0.0,0.0,0.0,0.0,0.0,0.0,0.0,0.0,0.0,0.0,0.0,내,2700,SS,0.0,0.0,0.0
윌리엄슨,168.0,154.0,15.0,19.0,42.0,7.0,1.0,4.0,0.0,1.0,0.0,1.0,13.0,0.0,0.0,50.0,2.0,2.0,25.0,4.5,30.0,7.0,외,225000,SS,0.3273809523809524,0.4090909090909091,0.7364718614718615
박승규,23.0,21.0,2.0,2.0,4.0,0.0,0.0,0.0,1.0,1.0,0.0,0.0,2.0,0.0,0.0,7.0,0.0,0.0,4.0,0.5,9.0,1.0,외,2700,SS,0.2608695652173913,0.19047619047619047,0.45134575569358176
김도환,106.0,93.0,7.0,7.0,19.0,6.0,0.0,2.0,0.0,0.0,4.0,1.0,8.0,0.0,0.0,36.0,0.0,1.0,19.0,5.0,21.0,5.0,포,2700,SS,0.2647058823529412,0.3333333333333333,0.5980392156862745
이학주,436.0,385.0,36.0,43.0,101.0,14.0,3.0,7.0,15.0,5.0,5.0,4.0,32.0,0.0,10.0,89.0,3.0,19.0,80.0,14.333333333,95.0,22.0,내,2700,SS,0.33178654292343385,0.36883116883116884,0.7006177117546026
신용수,20.0,20.0,2.0,4.0,2.0,0.0,0.0,1.0,0.0,0.0,0.0,0.0,0.0,0.0,0.0,4.0,0.0,4.0,3.0,0.0,3.0,0.0,내,2700,LT,0.1,0.25,0.35
고승민,89.0,83.0,6.0,7.0,21.0,6.0,2.0,0.0,0.0,0.0,1.0,1.0,4.0,0.0,0.0,16.0,1.0,2.0,11.0,5.0,14.0,5.0,내,2700,LT,0.2840909090909091,0.37349397590361444,0.6575848849945236
아수아헤,194.0,163.0,21.0,34.0,41.0,5.0,4.0,2.0,4.0,2.0,3.0,1.0,26.0,1.0,1.0,24.0,0.0,3.0,31.0,12.0,45.0,17.0,내,551000,LT,0.35602094240837695,0.36809815950920244,0.7241191019175794
윌슨,268.0,231.0,37.0,21.0,58.0,15.0,0.0,9.0,1.0,2.0,0.0,1.0,31.0,0.0,5.0,60.0,8.0,4.0,58.0,10.166666666,62.0,17.0,내,400000,LT,0.35074626865671643,0.4329004329004329,0.7836467015571493
해즐베이커,46.0,41.0,5.0,5.0,6.0,2.0,0.0,2.0,1.0,1.0,0.0,0.0,4.0,0.0,1.0,18.0,0.0,1.0,5.0,0.75,13.0,2.0,외,500000,HT,0.2391304347826087,0.34146341463414637,0.5805938494167551
오선우,57.0,53.0,4.0,5.0,8.0,1.0,1.0,1.0,0.0,0.0,0.0,0.0,3.0,0.0,1.0,24.0,0.0,0.0,8.0,1.0,14.0,2.0,내,2700,HT,0.21052631578947367,0.2641509433962264,0.4746772591857001
터커,399.0,357.0,50.0,50.0,111.0,33.0,0.0,9.0,0.0,0.0,0.0,1.0,38.0,0.0,3.0,44.0,12.0,4.0,86.0,18.583333334,92.0,27.0,외,180000,HT,0.38095238095238093,0.4789915966386555,0.8599439775910365
변우혁,61.0,53.0,2.0,7.0,12.0,1.0,0.0,1.0,0.0,0.0,0.0,0.0,7.0,0.0,1.0,17.0,3.0,1.0,12.0,2.0,13.0,3.0,내,2700,HH,0.32786885245901637,0.3018867924528302,0.6297556449118465
노시환,192.0,177.0,13.0,19.0,33.0,8.0,1.0,1.0,2.0,2.0,1.0,1.0,11.0,0.0,2.0,72.0,3.0,7.0,37.0,6.833333333000001,44.0,9.0,내,2700,HH,0.24083769633507854,0.2598870056497175,0.500724701984796
유장혁,61.0,55.0,4.0,10.0,9.0,1.0,0.0,1.0,3.0,0.0,0.0,1.0,5.0,0.0,0.0,17.0,0.0,0.0,13.0,2.0,14.0,2.0,외,2700,HH,0.22950819672131148,0.23636363636363636,0.46587183308494784
최경모,16.0,16.0,1.0,2.0,1.0,1.0,0.0,0.0,0.0,0.0,0.0,0.0,0.0,0.0,0.0,2.0,0.0,2.0,1.0,0.0,5.0,0.0,내,2700,SK,0.0625,0.125,0.1875
채현우,1.0,1.0,0.0,2.0,0.0,0.0,0.0,0.0,3.0,1.0,0.0,0.0,0.0,0.0,0.0,1.0,0.0,0.0,4.0,0.0,0.0,0.0,외,2700,SK,0.0,0.0,0.0
김창평,53.0,45.0,3.0,4.0,8.0,2.0,0.0,0.0,0.0,0.0,3.0,0.0,4.0,0.0,1.0,11.0,1.0,0.0,7.0,3.333333333,16.0,4.0,내,2700,SK,0.26,0.2222222222222222,0.4822222222222222
김성민,4.0,4.0,0.0,0.0,1.0,0.0,0.0,0.0,0.0,0.0,0.0,0.0,0.0,0.0,0.0,3.0,0.0,0.0,0.0,0.0,1.0,0.0,포,2700,SK,0.25,0.25,0.5
스몰린스키,228.0,205.0,42.0,32.0,47.0,14.0,1.0,9.0,3.0,1.0,0.0,2.0,16.0,0.0,5.0,31.0,7.0,3.0,39.0,10.666666666,60.0,20.0,외,250000,NC,0.2982456140350877,0.43902439024390244,0.7372700042789901
베탄코트,224.0,203.0,29.0,23.0,50.0,8.0,0.0,8.0,1.0,1.0,0.0,2.0,18.0,0.0,1.0,51.0,1.0,10.0,43.0,10.750000000000002,60.0,16.0,포,500000,NC,0.3080357142857143,0.4039408866995074,0.7119766009852218
김주찬,363.0,337.0,32.0,35.0,101.0,16.0,0.0,3.0,3.0,1.0,1.0,3.0,17.0,3.0,5.0,44.0,6.0,6.0,71.0,15.666666666,88.0,22.0,내,40000,HT,0.3397790055248619,0.37388724035608306,0.713666245880945
이범호,31.0,26.0,5.0,1.0,6.0,1.0,0.0,1.0,0.0,0.0,0.0,2.0,3.0,0.0,0.0,3.0,1.0,0.0,4.0,2.0,8.0,2.0,내,65000,HT,0.2903225806451613,0.38461538461538464,0.674937965260546
이성우,74.0,64.0,6.0,2.0,10.0,3.0,0.0,0.0,0.0,0.0,3.0,0.0,4.0,0.0,3.0,11.0,2.0,3.0,14.0,2.5,16.0,3.0,포,7000,LG,0.23943661971830985,0.203125,0.4425616197183099
박한이,85.0,74.0,13.0,6.0,19.0,3.0,0.0,2.0,0.0,0.0,1.0,1.0,9.0,0.0,0.0,17.0,0.0,1.0,17.0,4.0,23.0,5.0,외,25000,SS,0.3333333333333333,0.3783783783783784,0.7117117117117118
이대호,549.0,485.0,88.0,48.0,138.0,23.0,1.0,16.0,0.0,0.0,0.0,7.0,47.0,4.0,10.0,65.0,19.0,1.0,102.0,28.833333333,131.0,38.0,내,250000,LT,0.3551912568306011,0.4350515463917526,0.7902428032223536
김태균,500.0,433.0,62.0,47.0,132.0,21.0,0.0,6.0,3.0,0.0,0.0,8.0,54.0,5.0,5.0,94.0,15.0,1.0,94.0,26.166666666,113.0,34.0,내,100000,HH,0.382,0.394919168591224,0.776919168591224
김강민,460.0,422.0,50.0,54.0,114.0,14.0,2.0,8.0,15.0,8.0,0.0,3.0,31.0,3.0,4.0,103.0,2.0,3.0,79.0,21.499999999,104.0,31.0,외,40000,SK,0.3239130434782609,0.3696682464454976,0.6935812899237586
정상호,24.0,24.0,2.0,1.0,2.0,1.0,0.0,0.0,0.0,0.0,0.0,0.0,0.0,0.0,0.0,11.0,3.0,0.0,1.0,1.0,4.0,1.0,포,50000,LG,0.08333333333333333,0.125,0.20833333333333331
박용택,215.0,195.0,22.0,19.0,55.0,9.0,0.0,1.0,3.0,1.0,0.0,2.0,18.0,1.0,0.0,30.0,3.0,0.0,42.0,6.916666667,59.0,13.0,외,80000,LG,0.3395348837209302,0.3435897435897436,0.6831246273106738
최형우,555.0,456.0,86.0,65.0,137.0,31.0,1.0,17.0,0.0,1.0,0.0,7.0,85.0,6.0,7.0,77.0,13.0,0.0,115.0,26.166666667,137.0,36.0,외,150000,HT,0.4126126126126126,0.48464912280701755,0.8972617354196302
손주인,35.0,31.0,4.0,2.0,6.0,0.0,0.0,1.0,0.0,1.0,2.0,0.0,2.0,0.0,0.0,6.0,3.0,4.0,8.0,1.5,9.0,2.0,내,15000,SS,0.24242424242424243,0.2903225806451613,0.5327468230694037
문규현,72.0,64.0,10.0,7.0,16.0,2.0,0.0,0.0,0.0,0.0,2.0,3.0,3.0,0.0,0.0,10.0,1.0,3.0,10.0,4.333333333,14.0,5.0,내,18000,LT,0.2714285714285714,0.28125,0.5526785714285714
박경수,490.0,421.0,65.0,43.0,104.0,24.0,0.0,10.0,0.0,1.0,4.0,6.0,55.0,1.0,4.0,102.0,14.0,9.0,94.0,20.999999999,121.0,34.0,내,40000,KT,0.33539094650205764,0.3752969121140142,0.7106878586160719
이성열,476.0,414.0,85.0,60.0,106.0,21.0,1.0,21.0,8.0,4.0,1.0,4.0,48.0,1.0,9.0,114.0,7.0,5.0,93.0,25.333333333,118.0,37.0,내,32000,HH,0.3431578947368421,0.463768115942029,0.8069260106788712
이대형,19.0,14.0,4.0,2.0,2.0,1.0,0.0,0.0,0.0,0.0,0.0,1.0,4.0,0.0,0.0,5.0,0.0,0.0,4.0,1.5,9.0,2.0,외,20000,KT,0.3157894736842105,0.21428571428571427,0.5300751879699248
나주환,245.0,225.0,20.0,14.0,50.0,9.0,0.0,3.0,1.0,2.0,4.0,1.0,12.0,0.0,3.0,54.0,6.0,1.0,36.0,7.25,53.0,12.0,내,32000,SK,0.2697095435684647,0.3022222222222222,0.5719317657906869
손시헌,149.0,135.0,10.0,17.0,36.0,4.0,1.0,2.0,1.0,2.0,4.0,0.0,5.0,0.0,5.0,23.0,2.0,4.0,25.0,7.833333333,40.0,12.0,내,50000,NC,0.31724137931034485,0.35555555555555557,0.6727969348659004
지석훈,169.0,149.0,15.0,15.0,34.0,9.0,0.0,2.0,0.0,1.0,2.0,2.0,10.0,1.0,6.0,37.0,6.0,5.0,28.0,4.333333333000001,40.0,6.0,내,15000,NC,0.2994011976047904,0.3288590604026846,0.628260258007475
김재호,470.0,377.0,48.0,51.0,101.0,22.0,0.0,4.0,3.0,3.0,8.0,11.0,67.0,3.0,7.0,58.0,10.0,10.0,104.0,17.5,105.0,27.0,내,65000,OB,0.3787878787878788,0.35809018567639256,0.7368780644642714
윤석민,178.0,169.0,17.0,4.0,39.0,4.0,0.0,2.0,0.0,0.0,0.0,2.0,7.0,0.0,0.0,24.0,4.0,5.0,35.0,6.833333333000001,51.0,11.0,내,24000,KT,0.25842696629213485,0.28994082840236685,0.5483677946945017
유한준,562.0,501.0,86.0,61.0,159.0,19.0,1.0,14.0,3.0,0.0,0.0,5.0,52.0,1.0,4.0,61.0,20.0,2.0,118.0,36.166666667,142.0,53.0,외,60000,KT,0.38256227758007116,0.4431137724550898,0.825676050035161
박석민,444.0,360.0,74.0,49.0,96.0,17.0,1.0,19.0,1.0,2.0,4.0,3.0,65.0,2.0,12.0,69.0,17.0,11.0,92.0,19.083333333,107.0,30.0,내,75000,NC,0.3931818181818182,0.4777777777777778,0.8709595959595959
강민호,393.0,346.0,45.0,36.0,81.0,20.0,0.0,13.0,0.0,0.0,2.0,3.0,33.0,2.0,9.0,76.0,9.0,8.0,71.0,12.166666666,85.0,20.0,포,125000,SS,0.3145780051150895,0.4046242774566474,0.7192022825717369
최진행,129.0,117.0,19.0,10.0,27.0,6.0,0.0,6.0,0.0,0.0,0.0,1.0,9.0,0.0,2.0,28.0,3.0,0.0,26.0,4.333333333,38.0,6.0,외,20000,HH,0.29457364341085274,0.4358974358974359,0.7304710793082887
박정권,37.0,32.0,5.0,5.0,6.0,1.0,0.0,1.0,0.0,0.0,0.0,0.0,5.0,0.0,0.0,11.0,0.0,0.0,4.0,3.0,16.0,4.0,내,40000,SK,0.2972972972972973,0.3125,0.6097972972972974
박병호,532.0,432.0,98.0,92.0,121.0,22.0,0.0,33.0,0.0,1.0,0.0,9.0,78.0,5.0,13.0,117.0,7.0,6.0,110.0,21.0,117.0,34.0,내,150000,WO,0.39849624060150374,0.5601851851851852,0.9586814257866889
정의윤,419.0,380.0,59.0,44.0,107.0,24.0,0.0,13.0,0.0,0.0,0.0,2.0,30.0,1.0,6.0,60.0,9.0,1.0,77.0,19.166666665,111.0,31.0,외,30000,SK,0.34210526315789475,0.4473684210526316,0.7894736842105263
오재일,529.0,467.0,102.0,76.0,137.0,29.0,1.0,21.0,2.0,1.0,0.0,4.0,55.0,1.0,3.0,99.0,5.0,4.0,94.0,27.7,131.0,45.0,내,30000,OB,0.3686200378071834,0.49464668094218417,0.8632667187493676
이원석,455.0,395.0,76.0,44.0,97.0,20.0,0.0,19.0,2.0,1.0,2.0,7.0,43.0,0.0,8.0,73.0,10.0,13.0,78.0,22.333333333,115.0,35.0,내,30000,SS,0.32671081677704195,0.44050632911392407,0.767217145890966
정근우,305.0,277.0,30.0,37.0,77.0,10.0,1.0,3.0,8.0,5.0,3.0,1.0,20.0,1.0,4.0,43.0,11.0,6.0,60.0,14.5,61.0,22.0,내,70000,HH,0.3344370860927152,0.35379061371841153,0.6882276998111267
최정,606.0,503.0,99.0,86.0,147.0,27.0,0.0,29.0,3.0,2.0,0.0,8.0,69.0,6.0,26.0,92.0,4.0,14.0,135.0,30.499999999000003,141.0,47.0,내,120000,SK,0.39933993399339934,0.5188866799204771,0.9182266139138764
이병규,22.0,19.0,0.0,1.0,3.0,2.0,0.0,0.0,0.0,0.0,0.0,0.0,2.0,0.0,1.0,7.0,1.0,0.0,3.0,0.0,4.0,0.0,외,9500,LT,0.2727272727272727,0.2631578947368421,0.5358851674641147
최승준,24.0,22.0,0.0,2.0,5.0,0.0,0.0,0.0,0.0,0.0,0.0,0.0,2.0,0.0,0.0,10.0,1.0,0.0,3.0,0.0,2.0,0.0,내,5000,SK,0.2916666666666667,0.22727272727272727,0.5189393939393939
양의지,459.0,390.0,68.0,61.0,138.0,26.0,0.0,20.0,4.0,3.0,0.0,6.0,48.0,4.0,15.0,43.0,13.0,2.0,100.0,26.5,110.0,40.0,포,200000,NC,0.43790849673202614,0.5743589743589743,1.0122674710910005
민병헌,420.0,369.0,43.0,52.0,112.0,24.0,2.0,9.0,13.0,6.0,1.0,3.0,42.0,0.0,5.0,55.0,9.0,2.0,82.0,11.516666667,83.0,24.0,외,125000,LT,0.3794749403341289,0.45257452574525747,0.8320494660793863
최주환,325.0,285.0,47.0,27.0,79.0,13.0,0.0,4.0,0.0,0.0,0.0,11.0,28.0,0.0,1.0,35.0,10.0,3.0,51.0,16.333333334000002,89.0,25.0,내,38500,OB,0.3323076923076923,0.3649122807017544,0.6972199730094467
김현수,595.0,526.0,82.0,75.0,160.0,37.0,0.0,11.0,3.0,1.0,0.0,9.0,54.0,9.0,6.0,52.0,11.0,1.0,128.0,30.416666665,146.0,48.0,외,130000,LG,0.3697478991596639,0.4372623574144487,0.8070102565741126
황재균,507.0,448.0,67.0,78.0,127.0,16.0,3.0,20.0,10.0,7.0,0.0,5.0,52.0,2.0,2.0,71.0,10.0,11.0,87.0,19.333333333,103.0,27.0,내,120000,KT,0.35700197238658776,0.46651785714285715,0.8235198295294449
유재신,59.0,51.0,6.0,17.0,13.0,2.0,1.0,0.0,4.0,3.0,1.0,1.0,6.0,0.0,0.0,12.0,1.0,1.0,26.0,2.333333333,10.0,3.0,외,5700,HT,0.3275862068965517,0.3333333333333333,0.6609195402298851
김문호,109.0,103.0,4.0,6.0,25.0,7.0,0.0,0.0,2.0,0.0,1.0,1.0,4.0,0.0,0.0,30.0,1.0,1.0,19.0,2.0,21.0,2.0,외,8000,LT,0.26851851851851855,0.3106796116504854,0.5791981301690039
정범모,45.0,40.0,4.0,4.0,9.0,1.0,0.0,2.0,1.0,1.0,2.0,0.0,3.0,0.0,0.0,15.0,0.0,1.0,9.0,0.333333333,8.0,1.0,포,6800,NC,0.27906976744186046,0.4,0.6790697674418604
송광민,486.0,454.0,51.0,50.0,120.0,21.0,0.0,7.0,8.0,2.0,3.0,5.0,21.0,0.0,3.0,91.0,18.0,16.0,87.0,18.083333333,111.0,29.0,내,25000,HH,0.2981366459627329,0.3568281938325991,0.654964839795332
김성현,472.0,426.0,34.0,45.0,105.0,16.0,2.0,1.0,6.0,2.0,8.0,3.0,33.0,0.0,2.0,43.0,15.0,26.0,95.0,17.083333333,111.0,24.0,내,28000,SK,0.3017241379310345,0.3004694835680751,0.6021936214991096
이재원,502.0,451.0,75.0,33.0,121.0,19.0,0.0,12.0,1.0,0.0,1.0,7.0,34.0,2.0,9.0,59.0,16.0,6.0,102.0,25.583333332,132.0,40.0,포,140000,SK,0.3273453093812375,0.3902439024390244,0.7175892118202619
이명기,547.0,484.0,36.0,62.0,142.0,17.0,3.0,2.0,14.0,4.0,7.0,4.0,48.0,2.0,4.0,66.0,12.0,2.0,126.0,19.0,108.0,29.0,외,22000,NC,0.3592592592592593,0.35330578512396693,0.7125650443832262
김재현,49.0,42.0,2.0,29.0,12.0,2.0,1.0,0.0,13.0,6.0,3.0,0.0,4.0,0.0,0.0,11.0,0.0,0.0,26.0,1.0,4.0,1.0,외,5600,SK,0.34782608695652173,0.38095238095238093,0.7287784679089027
허도환,93.0,79.0,6.0,3.0,10.0,3.0,0.0,1.0,0.0,1.0,4.0,2.0,5.0,0.0,3.0,18.0,3.0,2.0,15.0,0.0,17.0,0.0,포,6000,SK,0.20224719101123595,0.20253164556962025,0.4047788365808562
오재원,204.0,177.0,18.0,30.0,29.0,8.0,1.0,3.0,6.0,2.0,2.0,0.0,25.0,0.0,0.0,50.0,3.0,7.0,35.0,8.5,52.0,11.0,내,55000,OB,0.26732673267326734,0.2711864406779661,0.5385131733512334
채태인,182.0,167.0,29.0,11.0,42.0,11.0,0.0,5.0,0.0,0.0,0.0,2.0,11.0,1.0,2.0,45.0,5.0,1.0,31.0,8.666666667,51.0,13.0,내,20000,LT,0.3021978021978022,0.40718562874251496,0.7093834309403171
손아섭,568.0,512.0,63.0,78.0,151.0,22.0,1.0,10.0,13.0,8.0,1.0,2.0,52.0,1.0,1.0,92.0,6.0,4.0,112.0,22.333333333,123.0,36.0,외,150000,LT,0.35978835978835977,0.400390625,0.7601789847883598
김민성,401.0,361.0,50.0,44.0,94.0,16.0,0.0,8.0,2.0,1.0,5.0,1.0,30.0,0.0,4.0,75.0,12.0,6.0,56.0,18.416666667,88.0,29.0,내,40000,LG,0.32323232323232326,0.37119113573407203,0.6944234589663953
이준수,49.0,36.0,3.0,3.0,7.0,1.0,0.0,0.0,0.0,0.0,3.0,0.0,9.0,0.0,1.0,11.0,1.0,2.0,11.0,1.5,10.0,2.0,포,3100,KT,0.3695652173913043,0.2222222222222222,0.5917874396135265
김태군,28.0,22.0,1.0,0.0,4.0,0.0,0.0,0.0,0.0,0.0,0.0,0.0,4.0,0.0,2.0,8.0,1.0,0.0,9.0,0.5,7.0,1.0,포,23000,NC,0.35714285714285715,0.18181818181818182,0.538961038961039
이형종,482.0,419.0,63.0,56.0,120.0,24.0,1.0,13.0,6.0,5.0,1.0,10.0,42.0,1.0,10.0,78.0,9.0,2.0,84.0,17.75,113.0,28.0,외,17000,LG,0.3575883575883576,0.441527446300716,0.7991158038890736
서건창,486.0,426.0,41.0,67.0,128.0,23.0,3.0,2.0,17.0,3.0,3.0,5.0,49.0,1.0,3.0,50.0,5.0,6.0,91.0,21.5,96.0,33.0,내,35000,WO,0.37267080745341613,0.3826291079812207,0.7552999154346368
김용의,210.0,179.0,17.0,35.0,39.0,5.0,3.0,0.0,8.0,3.0,4.0,1.0,24.0,1.0,2.0,38.0,1.0,5.0,45.0,10.0,48.0,12.0,내,8500,LG,0.3155339805825243,0.27932960893854747,0.5948635895210718
김재환,574.0,495.0,91.0,76.0,140.0,20.0,5.0,15.0,3.0,1.0,0.0,11.0,63.0,5.0,5.0,113.0,7.0,0.0,109.0,28.583333333,140.0,42.0,외,73000,OB,0.3623693379790941,0.43434343434343436,0.7967127723225285
최재훈,451.0,373.0,31.0,47.0,108.0,18.0,0.0,3.0,3.0,10.0,4.0,4.0,56.0,0.0,14.0,61.0,9.0,6.0,94.0,14.166666666,89.0,20.0,포,12500,HH,0.3982102908277405,0.36193029490616624,0.7601405857339067
전민수,106.0,96.0,8.0,8.0,23.0,7.0,0.0,0.0,2.0,1.0,1.0,0.0,9.0,0.0,0.0,18.0,4.0,0.0,16.0,6.5,29.0,7.0,외,4000,LG,0.3047619047619048,0.3125,0.6172619047619048
전준우,606.0,545.0,83.0,85.0,164.0,30.0,1.0,22.0,8.0,2.0,1.0,7.0,46.0,2.0,7.0,71.0,19.0,4.0,121.0,27.000000001000004,154.0,43.0,외,50000,LT,0.3586776859504132,0.48073394495412847,0.8394116309045416
장성우,413.0,366.0,41.0,25.0,96.0,7.0,0.0,7.0,0.0,1.0,4.0,6.0,35.0,2.0,2.0,86.0,11.0,5.0,73.0,13.499999999,97.0,24.0,포,9500,KT,0.3251833740831296,0.33879781420765026,0.6639811882907798
황진수,4.0,3.0,0.0,1.0,0.0,0.0,0.0,0.0,0.0,0.0,0.0,0.0,1.0,0.0,0.0,2.0,0.0,0.0,2.0,0.0,0.0,0.0,내,4000,LT,0.25,0.0,0.25
김선빈,447.0,394.0,40.0,55.0,115.0,22.0,0.0,3.0,5.0,4.0,5.0,4.0,43.0,0.0,1.0,26.0,7.0,10.0,89.0,18.666666666,91.0,27.0,내,30000,HT,0.3597285067873303,0.37055837563451777,0.730286882421848
나지완,153.0,129.0,17.0,12.0,24.0,5.0,0.0,6.0,0.0,0.0,0.0,2.0,19.0,1.0,3.0,37.0,3.0,0.0,24.0,2.833333333,36.0,5.0,외,60000,HT,0.3006535947712418,0.3643410852713178,0.6649946800425597
백용환,51.0,47.0,6.0,3.0,11.0,2.0,0.0,2.0,0.0,0.0,0.0,0.0,3.0,0.0,1.0,14.0,0.0,2.0,8.0,1.833333333,13.0,3.0,포,4500,HT,0.29411764705882354,0.40425531914893614,0.6983729662077597
오선진,453.0,392.0,36.0,37.0,88.0,16.0,0.0,3.0,7.0,2.0,10.0,3.0,38.0,0.0,10.0,72.0,8.0,12.0,90.0,18.166666666,99.0,26.0,내,7500,HH,0.30699774266365687,0.288265306122449,0.5952630487861059
모창민,386.0,341.0,55.0,49.0,104.0,21.0,2.0,10.0,3.0,2.0,0.0,11.0,31.0,1.0,3.0,62.0,8.0,5.0,77.0,15.5,88.0,23.0,내,30000,NC,0.35751295336787564,0.4662756598240469,0.8237886131919225
오지환,547.0,473.0,53.0,63.0,119.0,23.0,5.0,9.0,27.0,5.0,7.0,3.0,57.0,1.0,7.0,113.0,7.0,12.0,112.0,19.666666666,125.0,32.0,내,40000,LG,0.3388888888888889,0.3784355179704017,0.7173244068592906
문선재,61.0,49.0,6.0,7.0,8.0,0.0,0.0,3.0,2.0,1.0,0.0,2.0,9.0,0.0,1.0,18.0,0.0,2.0,12.0,0.5,7.0,1.0,외,6500,HT,0.29508196721311475,0.3469387755102041,0.6420207427233189
정주현,425.0,376.0,27.0,53.0,87.0,19.0,2.0,2.0,15.0,6.0,16.0,1.0,31.0,0.0,1.0,91.0,10.0,13.0,64.0,9.166666666,87.0,17.0,내,8800,LG,0.29095354523227385,0.30851063829787234,0.5994641835301462
채은성,514.0,470.0,72.0,59.0,148.0,18.0,1.0,12.0,2.0,2.0,0.0,8.0,24.0,1.0,12.0,67.0,9.0,2.0,112.0,24.649999998999995,133.0,44.0,외,31000,LG,0.35797665369649806,0.4340425531914894,0.7920192068879874
윤진호,62.0,59.0,5.0,6.0,6.0,2.0,0.0,1.0,1.0,1.0,2.0,0.0,1.0,0.0,0.0,13.0,0.0,2.0,18.0,3.0,16.0,3.0,내,6000,LG,0.11666666666666667,0.1864406779661017,0.30310734463276834
박건우,537.0,458.0,64.0,83.0,146.0,27.0,5.0,10.0,12.0,3.0,1.0,11.0,60.0,0.0,7.0,57.0,23.0,3.0,115.0,23.666666665,116.0,33.0,외,38500,OB,0.39738805970149255,0.4650655021834061,0.8624535618848986
정수빈,513.0,441.0,41.0,75.0,117.0,19.0,5.0,0.0,26.0,8.0,4.0,5.0,57.0,0.0,6.0,60.0,6.0,3.0,93.0,20.333333333,110.0,27.0,외,24500,OB,0.35363457760314343,0.3310657596371882,0.6847003372403316
김진형,23.0,20.0,2.0,2.0,3.0,1.0,0.0,0.0,0.0,0.0,1.0,2.0,0.0,0.0,0.0,4.0,1.0,0.0,1.0,0.0,1.0,0.0,내,2700,NC,0.13636363636363635,0.2,0.33636363636363636
허경민,540.0,475.0,60.0,71.0,137.0,25.0,1.0,4.0,11.0,5.0,3.0,11.0,34.0,2.0,17.0,36.0,16.0,8.0,103.0,26.666666667,111.0,36.0,내,38500,OB,0.3500931098696462,0.3705263157894737,0.7206194256591198
국해성,41.0,35.0,2.0,2.0,6.0,3.0,0.0,0.0,0.0,0.0,0.0,0.0,5.0,0.0,1.0,13.0,3.0,2.0,8.0,1.0,9.0,1.0,외,5000,OB,0.2926829268292683,0.2571428571428571,0.5498257839721254
김지수,32.0,30.0,3.0,3.0,8.0,2.0,0.0,0.0,0.0,0.0,0.0,0.0,2.0,0.0,0.0,7.0,1.0,2.0,6.0,3.0,6.0,3.0,내,5000,WO,0.3125,0.3333333333333333,0.6458333333333333
장영석,413.0,372.0,62.0,41.0,92.0,15.0,0.0,7.0,0.0,0.0,0.0,5.0,27.0,0.0,9.0,77.0,14.0,10.0,65.0,21.249999999,115.0,33.0,내,5300,WO,0.3099273607748184,0.34408602150537637,0.6540133822801948
김종민,21.0,20.0,1.0,2.0,4.0,0.0,0.0,1.0,0.0,0.0,1.0,0.0,0.0,0.0,0.0,7.0,1.0,0.0,1.0,0.0,7.0,0.0,포,5300,HH,0.2,0.35,0.55
박동원,361.0,317.0,55.0,50.0,94.0,15.0,1.0,10.0,1.0,0.0,7.0,1.0,34.0,0.0,2.0,56.0,10.0,1.0,71.0,21.333333333,89.0,30.0,포,9000,WO,0.3672316384180791,0.444794952681388,0.8120265910994671
김상수,543.0,468.0,38.0,76.0,127.0,20.0,2.0,5.0,21.0,3.0,6.0,4.0,50.0,1.0,15.0,67.0,14.0,10.0,105.0,16.583333333,114.0,26.0,내,25000,SS,0.3575418994413408,0.3547008547008547,0.7122427541421955
이지영,331.0,308.0,39.0,40.0,87.0,5.0,1.0,1.0,5.0,1.0,6.0,1.0,15.0,1.0,1.0,28.0,14.0,3.0,54.0,20.333333333,91.0,28.0,포,21000,WO,0.3169230769230769,0.31493506493506496,0.6318581418581419
배영섭,80.0,71.0,7.0,5.0,16.0,1.0,0.0,0.0,2.0,0.0,0.0,1.0,6.0,0.0,2.0,15.0,0.0,0.0,15.0,4.0,13.0,5.0,외,12000,SK,0.3,0.23943661971830985,0.5394366197183098
양종민,49.0,44.0,5.0,1.0,6.0,2.0,0.0,0.0,0.0,0.0,2.0,1.0,2.0,0.0,0.0,15.0,3.0,4.0,7.0,1.0,12.0,1.0,내,3000,LG,0.1702127659574468,0.18181818181818182,0.3520309477756286
안치홍,408.0,362.0,49.0,45.0,114.0,18.0,1.0,5.0,4.0,2.0,0.0,5.0,40.0,1.0,1.0,37.0,9.0,11.0,98.0,17.75,124.0,29.0,내,50000,HT,0.3799019607843137,0.4116022099447514,0.7915041707290651
김회성,117.0,104.0,18.0,7.0,24.0,4.0,0.0,3.0,2.0,1.0,1.0,1.0,11.0,0.0,0.0,24.0,1.0,2.0,23.0,8.0,33.0,10.0,내,6500,HH,0.3017241379310345,0.3557692307692308,0.6574933687002653
