Name,PA,AB,RBI,RUN,HIT,H2,H3,HR,SB,CS,SH,SF,BB,IB,HP,KK,GD,ERR,LOB,P_HRA_RT,P_AB_CN,P_HIT_CN,Position,Salary,Team,Age,OBP,SLG,OPS
백창수,21.0,18.0,3.0,4.0,6.0,2.0,0.0,1.0,0.0,1.0,0.0,0.0,2.0,0.0,1.0,6.0,1.0,0.0,4.0,1.0,3.0,1.0,내,4000,LG,28,0.42857142857142855,0.6111111111111112,1.0396825396825398
이해창,254.0,231.0,22.0,16.0,47.0,10.0,0.0,6.0,1.0,1.0,8.0,3.0,9.0,0.0,3.0,65.0,7.0,8.0,36.0,5.833333333000001,59.0,8.0,포,2900,KT,29,0.23983739837398374,0.3246753246753247,0.5645127230493084
송주호,52.0,47.0,1.0,3.0,5.0,0.0,0.0,0.0,0.0,2.0,2.0,0.0,3.0,0.0,0.0,12.0,1.0,0.0,7.0,0.0,8.0,0.0,외,4000,HH,28,0.16,0.10638297872340426,0.2663829787234043
백상원,517.0,445.0,49.0,60.0,128.0,19.0,3.0,3.0,8.0,3.0,10.0,7.0,51.0,0.0,4.0,69.0,15.0,8.0,106.0,26.916666666,122.0,38.0,내,4500,SS,28,0.3609467455621302,0.36404494382022473,0.7249916893823549
김선민,63.0,50.0,2.0,7.0,11.0,0.0,0.0,0.0,3.0,1.0,2.0,0.0,10.0,0.0,1.0,14.0,3.0,1.0,11.0,3.5,16.0,4.0,내,3200,KT,26,0.36065573770491804,0.22,0.5806557377049181
정훈,439.0,370.0,46.0,48.0,97.0,18.0,2.0,2.0,7.0,7.0,8.0,2.0,43.0,0.0,16.0,75.0,12.0,11.0,81.0,25.166666667,101.0,36.0,내,21000,LT,29,0.3619489559164733,0.33783783783783783,0.6997867937543112
오승택,135.0,123.0,7.0,17.0,32.0,6.0,0.0,3.0,6.0,2.0,0.0,0.0,12.0,0.0,0.0,37.0,5.0,2.0,22.0,4.333333333000001,36.0,6.0,내,7000,LT,25,0.32592592592592595,0.3821138211382114,0.7080397470641373
이상호,27.0,25.0,1.0,1.0,7.0,2.0,0.0,0.0,3.0,0.0,0.0,0.0,0.0,0.0,2.0,4.0,3.0,1.0,12.0,0.333333333,7.0,1.0,내,4800,NC,27,0.3333333333333333,0.36,0.6933333333333334
홍재호,16.0,13.0,1.0,4.0,1.0,0.0,0.0,0.0,0.0,0.0,0.0,1.0,2.0,0.0,0.0,3.0,0.0,0.0,1.0,0.0,4.0,0.0,내,3400,HT,29,0.1875,0.07692307692307693,0.2644230769230769
최병연,9.0,8.0,0.0,1.0,0.0,0.0,0.0,0.0,0.0,0.0,0.0,0.0,1.0,0.0,0.0,2.0,0.0,0.0,1.0,0.0,2.0,0.0,내,3000,HT,30,0.1111111111111111,0.0,0.1111111111111111
이종환,33.0,29.0,4.0,3.0,8.0,1.0,0.0,0.0,0.0,0.0,0.0,1.0,3.0,2.0,0.0,10.0,1.0,0.0,4.0,2.0,10.0,2.0,외,6200,HH,30,0.3333333333333333,0.3103448275862069,0.6436781609195402
이상훈,14.0,12.0,0.0,0.0,1.0,0.0,0.0,0.0,0.0,0.0,2.0,0.0,0.0,0.0,0.0,4.0,0.0,0.0,1.0,0.0,5.0,0.0,외,3500,SS,29,0.08333333333333333,0.08333333333333333,0.16666666666666666
최윤석,17.0,16.0,0.0,2.0,2.0,0.0,0.0,0.0,0.0,0.0,0.0,0.0,1.0,0.0,0.0,4.0,0.0,1.0,1.0,0.0,5.0,0.0,내,5700,HH,29,0.17647058823529413,0.125,0.30147058823529416
유강남,297.0,263.0,47.0,28.0,70.0,7.0,0.0,8.0,0.0,0.0,4.0,6.0,17.0,0.0,7.0,48.0,6.0,5.0,53.0,17.0,79.0,25.0,포,8100,LG,24,0.32081911262798635,0.3840304182509506,0.7048495308789369
이천웅,320.0,276.0,41.0,38.0,81.0,10.0,1.0,6.0,6.0,9.0,6.0,1.0,34.0,0.0,3.0,49.0,3.0,2.0,77.0,15.666666666,75.0,23.0,외,2800,LG,28,0.37579617834394907,0.40217391304347827,0.7779700913874273
김동한,116.0,107.0,14.0,9.0,27.0,6.0,0.0,0.0,5.0,1.0,3.0,0.0,6.0,0.0,0.0,19.0,1.0,2.0,40.0,5.916666666999999,33.0,9.0,내,3200,LT,28,0.2920353982300885,0.308411214953271,0.6004466131833595
정진호,32.0,24.0,3.0,9.0,9.0,0.0,1.0,0.0,0.0,2.0,0.0,0.0,6.0,0.0,2.0,1.0,0.0,0.0,15.0,1.5,6.0,2.0,외,5200,OB,28,0.53125,0.4583333333333333,0.9895833333333333
고종욱,566.0,527.0,72.0,92.0,176.0,22.0,9.0,8.0,28.0,14.0,1.0,5.0,28.0,1.0,5.0,103.0,10.0,1.0,91.0,35.666666667,137.0,56.0,외,7700,WO,27,0.36991150442477877,0.45540796963946867,0.8253194740642474
홍성갑,68.0,62.0,7.0,4.0,14.0,0.0,1.0,0.0,1.0,0.0,0.0,0.0,1.0,0.0,5.0,18.0,2.0,0.0,8.0,4.0,17.0,4.0,외,3200,WO,24,0.29411764705882354,0.25806451612903225,0.5521821631878558
김정혁,118.0,106.0,11.0,13.0,25.0,1.0,1.0,2.0,1.0,1.0,1.0,1.0,9.0,0.0,1.0,25.0,3.0,2.0,23.0,2.5,26.0,4.0,내,3300,SS,31,0.29914529914529914,0.32075471698113206,0.6199000161264312
김민하,49.0,45.0,1.0,8.0,9.0,1.0,0.0,1.0,4.0,0.0,2.0,0.0,1.0,0.0,1.0,19.0,2.0,1.0,16.0,0.0,12.0,0.0,외,4000,LT,27,0.23404255319148937,0.28888888888888886,0.5229314420803782
김사훈,36.0,28.0,4.0,5.0,9.0,1.0,0.0,0.0,0.0,0.0,5.0,0.0,3.0,0.0,0.0,6.0,1.0,0.0,9.0,2.5,9.0,3.0,포,2900,LT,29,0.3870967741935484,0.35714285714285715,0.7442396313364055
윤정우,82.0,67.0,13.0,20.0,20.0,5.0,0.0,2.0,6.0,1.0,2.0,1.0,5.0,0.0,7.0,15.0,2.0,1.0,21.0,4.5,14.0,5.0,외,2900,HT,28,0.4,0.4626865671641791,0.8626865671641791
강경학,116.0,101.0,7.0,16.0,16.0,3.0,2.0,1.0,0.0,0.0,4.0,1.0,8.0,0.0,2.0,30.0,5.0,7.0,15.0,2.0,25.0,2.0,내,6500,HH,24,0.23214285714285715,0.25742574257425743,0.4895685997171146
나성용,13.0,12.0,0.0,1.0,2.0,0.0,0.0,0.0,0.0,0.0,0.0,0.0,1.0,0.0,0.0,5.0,0.0,0.0,2.0,0.0,5.0,0.0,외,3700,SS,28,0.23076923076923078,0.16666666666666666,0.39743589743589747
오준혁,144.0,132.0,15.0,18.0,35.0,8.0,4.0,2.0,1.0,2.0,2.0,0.0,9.0,0.0,1.0,38.0,2.0,1.0,25.0,6.5,26.0,8.0,외,3300,HT,24,0.31690140845070425,0.4318181818181818,0.7487195902688861
김지성,3.0,3.0,0.0,0.0,0.0,0.0,0.0,0.0,0.0,0.0,0.0,0.0,0.0,0.0,0.0,0.0,1.0,0.0,0.0,0.0,1.0,0.0,내,3800,LG,31,0.0,0.0,0.0
윤병호,9.0,9.0,3.0,3.0,1.0,0.0,0.0,1.0,0.0,0.0,0.0,0.0,0.0,0.0,0.0,3.0,0.0,0.0,3.0,1.0,3.0,1.0,외,2900,NC,27,0.1111111111111111,0.4444444444444444,0.5555555555555556
조윤준,1.0,1.0,0.0,1.0,1.0,0.0,0.0,0.0,0.0,0.0,0.0,0.0,0.0,0.0,0.0,0.0,0.0,0.0,0.0,0.0,0.0,0.0,포,3000,LG,27,1.0,1.0,2.0
서상우,137.0,111.0,12.0,18.0,28.0,5.0,0.0,4.0,1.0,0.0,0.0,0.0,25.0,1.0,1.0,37.0,1.0,0.0,27.0,4.0,25.0,5.0,내,6000,LG,27,0.39416058394160586,0.40540540540540543,0.7995659893470113
류지혁,134.0,118.0,9.0,34.0,34.0,5.0,0.0,3.0,3.0,2.0,2.0,1.0,10.0,0.0,3.0,28.0,0.0,2.0,31.0,7.0,27.0,8.0,내,3000,OB,22,0.3560606060606061,0.4067796610169492,0.7628402670775553
박세혁,210.0,172.0,23.0,26.0,36.0,5.0,1.0,5.0,2.0,2.0,11.0,3.0,22.0,0.0,2.0,45.0,1.0,2.0,35.0,6.5,54.0,8.0,포,3000,OB,26,0.3015075376884422,0.3372093023255814,0.6387168400140235
유민상,254.0,213.0,37.0,30.0,60.0,12.0,1.0,4.0,1.0,1.0,3.0,4.0,25.0,0.0,9.0,39.0,8.0,5.0,47.0,12.583333333,61.0,19.0,내,3200,KT,27,0.3745019920318725,0.40375586854460094,0.7782578605764734
지재옥,17.0,13.0,1.0,2.0,3.0,0.0,0.0,1.0,0.0,0.0,0.0,0.0,3.0,0.0,1.0,7.0,0.0,0.0,6.0,1.0,4.0,1.0,포,2700,WO,28,0.4117647058823529,0.46153846153846156,0.8733031674208145
김재현,82.0,72.0,8.0,8.0,13.0,2.0,0.0,0.0,0.0,0.0,2.0,0.0,7.0,0.0,1.0,14.0,1.0,1.0,14.0,3.0,16.0,5.0,포,4400,WO,23,0.2625,0.20833333333333334,0.4708333333333333
박정음,263.0,223.0,26.0,45.0,69.0,5.0,3.0,4.0,16.0,9.0,5.0,2.0,30.0,0.0,3.0,52.0,5.0,3.0,54.0,12.833333333000002,52.0,19.0,외,2700,WO,27,0.3953488372093023,0.4125560538116592,0.8079048910209615
구자욱,495.0,428.0,77.0,105.0,147.0,19.0,13.0,14.0,10.0,5.0,2.0,5.0,55.0,1.0,5.0,68.0,4.0,7.0,109.0,25.899999999,128.0,45.0,내,8000,SS,23,0.4198782961460446,0.5467289719626168,0.9666072681086615
성의준,23.0,20.0,2.0,2.0,3.0,0.0,0.0,1.0,0.0,0.0,0.0,0.0,2.0,0.0,1.0,4.0,0.0,0.0,11.0,1.0,5.0,1.0,내,3000,SS,27,0.2608695652173913,0.3,0.5608695652173913
박해민,641.0,564.0,61.0,109.0,169.0,26.0,12.0,4.0,52.0,15.0,22.0,3.0,49.0,2.0,3.0,87.0,6.0,2.0,100.0,26.916666666,127.0,38.0,외,15000,SS,26,0.3570274636510501,0.4095744680851064,0.7666019317361565
신본기,104.0,81.0,10.0,13.0,25.0,4.0,0.0,1.0,0.0,1.0,2.0,0.0,13.0,0.0,8.0,12.0,3.0,2.0,28.0,4.5,26.0,8.0,내,5500,LT,27,0.45098039215686275,0.3950617283950617,0.8460421205519244
김준태,144.0,120.0,16.0,12.0,33.0,3.0,1.0,2.0,0.0,0.0,1.0,1.0,22.0,1.0,0.0,42.0,0.0,0.0,26.0,6.5,38.0,7.0,포,3000,LT,22,0.38461538461538464,0.36666666666666664,0.7512820512820513
김상호,415.0,366.0,56.0,39.0,106.0,20.0,0.0,7.0,3.0,1.0,2.0,5.0,38.0,2.0,4.0,84.0,10.0,6.0,95.0,18.833333332,110.0,30.0,내,2800,LT,27,0.3583535108958838,0.4016393442622951,0.7599928551581789
윤완주,34.0,30.0,2.0,5.0,5.0,0.0,0.0,1.0,0.0,0.0,1.0,1.0,2.0,0.0,0.0,6.0,0.0,0.0,8.0,0.0,8.0,0.0,내,3500,HT,27,0.21212121212121213,0.26666666666666666,0.47878787878787876
하주석,441.0,405.0,57.0,58.0,113.0,21.0,1.0,10.0,5.0,7.0,8.0,1.0,18.0,1.0,9.0,115.0,3.0,19.0,88.0,18.5,110.0,32.0,내,3200,HH,22,0.3233256351039261,0.40987654320987654,0.7332021783138026
김원석,9.0,8.0,0.0,2.0,2.0,0.0,0.0,0.0,0.0,0.0,0.0,0.0,1.0,0.0,0.0,5.0,0.0,0.0,4.0,0.0,1.0,0.0,외,3000,HH,27,0.3333333333333333,0.25,0.5833333333333333
양성우,446.0,384.0,53.0,52.0,104.0,12.0,4.0,4.0,5.0,2.0,8.0,6.0,39.0,0.0,9.0,67.0,6.0,3.0,90.0,22.250000001,107.0,34.0,외,2800,HH,27,0.3470319634703196,0.3541666666666667,0.7011986301369864
박승욱,103.0,87.0,13.0,19.0,24.0,4.0,1.0,3.0,2.0,1.0,4.0,1.0,9.0,0.0,2.0,28.0,0.0,2.0,19.0,5.833333333,30.0,9.0,내,2700,SK,24,0.35353535353535354,0.4482758620689655,0.8018112156043191
김민식,170.0,144.0,14.0,17.0,37.0,9.0,0.0,2.0,1.0,1.0,3.0,0.0,21.0,0.0,2.0,38.0,2.0,7.0,49.0,9.833333333,39.0,12.0,포,3000,SK,27,0.3592814371257485,0.3611111111111111,0.7203925482368596
최정민,177.0,155.0,11.0,29.0,51.0,4.0,1.0,0.0,8.0,4.0,6.0,1.0,8.0,0.0,7.0,48.0,1.0,5.0,52.0,8.0,41.0,12.0,내,3000,SK,27,0.38596491228070173,0.36774193548387096,0.7537068477645728
한동민,20.0,18.0,0.0,3.0,5.0,0.0,0.0,0.0,1.0,0.0,0.0,0.0,1.0,0.0,1.0,5.0,0.0,0.0,4.0,0.0,2.0,0.0,외,7000,SK,27,0.35,0.2777777777777778,0.6277777777777778
박민우,515.0,435.0,55.0,84.0,149.0,16.0,6.0,3.0,20.0,6.0,10.0,7.0,55.0,1.0,8.0,70.0,9.0,14.0,122.0,30.833333333,106.0,46.0,내,19000,NC,23,0.4198019801980198,0.42758620689655175,0.8473881870945715
황윤호,12.0,12.0,2.0,7.0,1.0,0.0,0.0,0.0,1.0,0.0,0.0,0.0,0.0,0.0,0.0,5.0,0.0,0.0,13.0,0.5,7.0,1.0,내,2700,NC,23,0.08333333333333333,0.08333333333333333,0.16666666666666666
강구성,3.0,3.0,0.0,0.0,0.0,0.0,0.0,0.0,0.0,0.0,0.0,0.0,0.0,0.0,0.0,1.0,0.0,0.0,0.0,0.0,2.0,0.0,외,2700,NC,23,0.0,0.0,0.0
박세웅,1.0,1.0,0.0,0.0,0.0,0.0,0.0,0.0,0.0,0.0,0.0,0.0,0.0,0.0,0.0,1.0,0.0,0.0,0.0,0.0,0.0,0.0,포,2700,NC,23,0.0,0.0,0.0
김성욱,348.0,306.0,51.0,60.0,81.0,15.0,1.0,15.0,5.0,2.0,7.0,2.0,30.0,0.0,3.0,64.0,15.0,1.0,62.0,19.5,85.0,27.0,외,5500,NC,23,0.3343108504398827,0.4673202614379085,0.8016311118777912
나성범,653.0,572.0,113.0,116.0,177.0,37.0,2.0,22.0,7.0,4.0,1.0,4.0,67.0,2.0,9.0,136.0,4.0,8.0,131.0,32.316666666,181.0,58.0,외,30000,NC,27,0.3880368098159509,0.4965034965034965,0.8845403063194475
황목치승,39.0,39.0,4.0,7.0,7.0,3.0,0.0,0.0,2.0,2.0,0.0,0.0,0.0,0.0,0.0,9.0,0.0,0.0,13.0,2.5,8.0,3.0,내,4000,LG,31,0.1794871794871795,0.2564102564102564,0.4358974358974359
김진곤,8.0,8.0,0.0,1.0,1.0,0.0,0.0,0.0,0.0,0.0,0.0,0.0,0.0,0.0,0.0,1.0,0.0,1.0,3.0,0.0,4.0,0.0,외,3500,KT,29,0.125,0.125,0.25
강승호,41.0,38.0,3.0,4.0,7.0,3.0,0.0,0.0,0.0,0.0,0.0,1.0,2.0,0.0,0.0,12.0,0.0,5.0,6.0,2.0,9.0,2.0,내,2700,LG,22,0.21951219512195122,0.2631578947368421,0.48267008985879334
김인태,19.0,18.0,3.0,0.0,3.0,1.0,0.0,0.0,0.0,0.0,0.0,0.0,1.0,0.0,0.0,4.0,0.0,0.0,3.0,3.0,8.0,3.0,외,2800,OB,22,0.21052631578947367,0.2222222222222222,0.4327485380116959
이우성,5.0,5.0,0.0,0.0,1.0,0.0,0.0,0.0,0.0,0.0,0.0,0.0,0.0,0.0,0.0,2.0,0.0,0.0,1.0,0.0,0.0,0.0,외,2800,OB,22,0.2,0.2,0.4
김민준,13.0,12.0,0.0,4.0,1.0,0.0,0.0,0.0,0.0,1.0,0.0,0.0,1.0,0.0,0.0,5.0,0.0,0.0,3.0,0.0,1.0,0.0,외,2700,WO,22,0.15384615384615385,0.08333333333333333,0.23717948717948717
장시윤,14.0,10.0,0.0,3.0,2.0,0.0,0.0,0.0,0.0,0.0,0.0,0.0,3.0,0.0,1.0,2.0,1.0,3.0,6.0,0.0,4.0,0.0,내,3300,WO,23,0.42857142857142855,0.2,0.6285714285714286
이흥련,174.0,150.0,25.0,20.0,39.0,11.0,0.0,6.0,0.0,0.0,9.0,2.0,8.0,0.0,5.0,41.0,4.0,5.0,23.0,10.5,37.0,14.0,포,7500,SS,27,0.3151515151515151,0.4533333333333333,0.7684848484848484
김영환,12.0,12.0,0.0,2.0,2.0,0.0,0.0,0.0,0.0,0.0,0.0,0.0,0.0,0.0,0.0,3.0,0.0,0.0,3.0,0.0,1.0,0.0,내,3700,KT,23,0.16666666666666666,0.16666666666666666,0.3333333333333333
이홍구,273.0,241.0,45.0,27.0,64.0,16.0,2.0,9.0,0.0,1.0,3.0,6.0,19.0,1.0,4.0,66.0,5.0,5.0,47.0,15.333333333,73.0,19.0,포,7000,HT,26,0.32222222222222224,0.4605809128630705,0.7828031350852928
고영우,81.0,70.0,4.0,18.0,15.0,3.0,0.0,0.0,3.0,2.0,1.0,0.0,7.0,0.0,3.0,15.0,1.0,4.0,16.0,3.0,24.0,4.0,내,3900,HT,26,0.3125,0.2571428571428571,0.5696428571428571
장운호,85.0,76.0,11.0,7.0,18.0,2.0,1.0,0.0,0.0,0.0,3.0,0.0,4.0,0.0,2.0,16.0,1.0,0.0,16.0,4.833333334,21.0,8.0,외,4200,HH,22,0.2926829268292683,0.2894736842105263,0.5821566110397947
노수광,238.0,207.0,30.0,43.0,64.0,4.0,2.0,4.0,12.0,2.0,10.0,0.0,20.0,0.0,1.0,46.0,0.0,1.0,47.0,12.0,46.0,19.0,외,3000,HT,26,0.37280701754385964,0.4057971014492754,0.778604118993135
한승택,30.0,28.0,5.0,1.0,5.0,0.0,0.0,0.0,0.0,0.0,1.0,0.0,1.0,0.0,0.0,8.0,0.0,1.0,8.0,2.5,7.0,3.0,포,2700,HT,22,0.20689655172413793,0.17857142857142858,0.3854679802955665
최재원,105.0,81.0,16.0,20.0,27.0,3.0,0.0,4.0,3.0,1.0,2.0,2.0,17.0,0.0,3.0,17.0,2.0,1.0,22.0,5.666666666999999,23.0,9.0,외,5000,SS,26,0.4563106796116505,0.5185185185185185,0.974829198130169
김준완,325.0,253.0,12.0,60.0,66.0,7.0,1.0,1.0,2.0,5.0,2.0,1.0,66.0,0.0,2.0,62.0,4.0,1.0,74.0,8.5,56.0,10.0,외,3000,NC,25,0.4161490683229814,0.308300395256917,0.7244494635798984
권희동,47.0,41.0,9.0,4.0,11.0,0.0,0.0,1.0,0.0,1.0,0.0,0.0,5.0,0.0,1.0,9.0,0.0,0.0,7.0,2.0,17.0,4.0,외,6800,NC,26,0.3617021276595745,0.34146341463414637,0.7031655422937209
김민혁,31.0,29.0,0.0,3.0,3.0,1.0,0.0,0.0,2.0,1.0,0.0,0.0,2.0,0.0,0.0,8.0,0.0,0.0,8.0,0.0,11.0,0.0,외,4700,KT,21,0.16129032258064516,0.13793103448275862,0.2992213570634038
심우준,251.0,236.0,17.0,36.0,57.0,9.0,1.0,3.0,17.0,1.0,5.0,2.0,8.0,0.0,0.0,40.0,5.0,13.0,56.0,6.5,55.0,8.0,내,3500,KT,21,0.26422764227642276,0.326271186440678,0.5904988287171007
문상철,87.0,80.0,7.0,9.0,16.0,7.0,0.0,1.0,1.0,0.0,0.0,1.0,4.0,0.0,2.0,26.0,2.0,6.0,22.0,3.5,13.0,4.0,내,3600,KT,25,0.25287356321839083,0.325,0.5778735632183909
안중열,29.0,28.0,3.0,2.0,5.0,1.0,0.0,0.0,0.0,0.0,0.0,0.0,1.0,0.0,0.0,9.0,0.0,1.0,4.0,2.0,8.0,2.0,포,4000,LT,21,0.20689655172413793,0.21428571428571427,0.4211822660098522
신성현,184.0,158.0,24.0,30.0,44.0,8.0,0.0,8.0,0.0,4.0,6.0,0.0,15.0,0.0,5.0,54.0,3.0,7.0,31.0,7.5,47.0,9.0,내,3700,HH,26,0.3595505617977528,0.4810126582278481,0.8405632200256009
박재욱,50.0,47.0,4.0,5.0,12.0,2.0,0.0,0.0,0.0,0.0,1.0,0.0,2.0,0.0,0.0,9.0,3.0,2.0,9.0,3.0,16.0,4.0,포,2700,LG,21,0.2857142857142857,0.2978723404255319,0.5835866261398176
장준원,15.0,13.0,0.0,2.0,1.0,0.0,0.0,0.0,0.0,0.0,0.0,0.0,2.0,0.0,0.0,3.0,0.0,0.0,2.0,0.0,3.0,0.0,내,3000,LG,21,0.2,0.07692307692307693,0.27692307692307694
양석환,215.0,203.0,37.0,24.0,56.0,10.0,1.0,6.0,3.0,0.0,3.0,2.0,6.0,0.0,1.0,48.0,1.0,5.0,32.0,14.166666666,73.0,22.0,내,7000,LG,25,0.2971698113207547,0.4236453201970443,0.7208151315177991
배병옥,55.0,50.0,3.0,10.0,13.0,1.0,0.0,0.0,2.0,1.0,1.0,0.0,4.0,0.0,0.0,18.0,0.0,2.0,19.0,2.0,12.0,2.0,외,3500,KT,21,0.3148148148148148,0.28,0.5948148148148149
최용제,11.0,9.0,1.0,0.0,2.0,0.0,0.0,0.0,0.0,0.0,1.0,0.0,1.0,0.0,0.0,2.0,1.0,0.0,2.0,0.333333333,5.0,1.0,포,2700,OB,25,0.3,0.2222222222222222,0.5222222222222221
김하성,599.0,526.0,84.0,92.0,148.0,29.0,7.0,20.0,28.0,15.0,2.0,5.0,60.0,2.0,6.0,80.0,7.0,21.0,92.0,31.416666665,146.0,46.0,내,16000,WO,21,0.35845896147403683,0.47718631178707227,0.835645273261109
임병욱,265.0,233.0,24.0,43.0,58.0,11.0,1.0,8.0,17.0,6.0,6.0,0.0,25.0,0.0,1.0,82.0,2.0,3.0,45.0,9.0,61.0,12.0,내,4000,WO,21,0.32432432432432434,0.40772532188841204,0.7320496462127364
박계범,0.0,0.0,0.0,1.0,0.0,0.0,0.0,0.0,0.0,0.0,0.0,0.0,0.0,0.0,0.0,0.0,0.0,0.0,0.0,0.0,0.0,0.0,내,2900,SS,20,,,
최선호,27.0,26.0,3.0,11.0,3.0,1.0,0.0,0.0,1.0,2.0,0.0,0.0,1.0,0.0,0.0,11.0,0.0,0.0,21.0,2.0,9.0,2.0,외,3500,SS,25,0.14814814814814814,0.15384615384615385,0.301994301994302
김재현,215.0,188.0,14.0,25.0,41.0,7.0,0.0,0.0,1.0,1.0,11.0,1.0,8.0,0.0,7.0,42.0,10.0,9.0,41.0,6.333333333000001,53.0,9.0,내,4500,SS,25,0.27450980392156865,0.2553191489361702,0.5298289528577389
강한울,322.0,298.0,27.0,36.0,81.0,13.0,3.0,0.0,7.0,3.0,9.0,0.0,15.0,0.0,0.0,46.0,2.0,11.0,65.0,17.833333333,80.0,25.0,내,6000,HT,25,0.30670926517571884,0.33557046979865773,0.6422797349743765
박찬호,46.0,42.0,3.0,9.0,7.0,0.0,0.0,0.0,2.0,0.0,1.0,0.0,3.0,0.0,0.0,9.0,2.0,7.0,18.0,3.0,14.0,3.0,내,3700,HT,21,0.2222222222222222,0.16666666666666666,0.38888888888888884
필,544.0,499.0,86.0,71.0,156.0,37.0,1.0,20.0,10.0,3.0,0.0,7.0,33.0,0.0,5.0,70.0,16.0,13.0,115.0,22.583333332,116.0,33.0,내,900000,HT,32,0.35661764705882354,0.5110220440881763,0.8676396911469999
지성준,0.0,0.0,0.0,0.0,0.0,0.0,0.0,0.0,0.0,0.0,0.0,0.0,0.0,0.0,0.0,0.0,0.0,0.0,0.0,0.0,0.0,0.0,포,3000,HH,22,,,
박준혁,9.0,8.0,3.0,3.0,3.0,2.0,0.0,0.0,0.0,0.0,0.0,0.0,1.0,0.0,0.0,2.0,1.0,0.0,1.0,1.0,3.0,1.0,외,2700,HH,25,0.4444444444444444,0.625,1.0694444444444444
조성모,2.0,2.0,0.0,1.0,1.0,0.0,0.0,0.0,0.0,0.0,0.0,0.0,0.0,0.0,0.0,1.0,0.0,0.0,1.0,0.0,1.0,0.0,내,2700,SK,24,0.5,0.5,1.0
유서준,7.0,7.0,0.0,0.0,0.0,0.0,0.0,0.0,0.0,0.0,0.0,0.0,0.0,0.0,0.0,4.0,0.0,0.0,2.0,0.0,0.0,0.0,내,2900,SK,21,0.0,0.0,0.0
이진석,45.0,43.0,2.0,6.0,8.0,1.0,1.0,0.0,0.0,0.0,0.0,0.0,2.0,0.0,0.0,19.0,1.0,0.0,10.0,1.0,8.0,1.0,외,2900,SK,21,0.2222222222222222,0.2558139534883721,0.4780361757105943
강민국,26.0,23.0,1.0,2.0,3.0,1.0,0.0,1.0,0.0,0.0,1.0,0.0,2.0,0.0,0.0,9.0,1.0,4.0,8.0,1.0,6.0,1.0,내,2700,NC,24,0.2,0.30434782608695654,0.5043478260869565
테임즈,529.0,436.0,121.0,118.0,140.0,30.0,3.0,40.0,13.0,4.0,0.0,7.0,74.0,6.0,12.0,103.0,2.0,4.0,88.0,27.0,138.0,42.0,내,1250000,NC,30,0.42722117202268434,0.6788990825688074,1.1061202545914917
박광열,15.0,15.0,0.0,0.0,6.0,0.0,0.0,0.0,0.0,0.0,0.0,0.0,0.0,0.0,0.0,3.0,1.0,2.0,5.0,1.0,2.0,1.0,포,3000,NC,21,0.4,0.4,0.8
김태진,2.0,2.0,0.0,1.0,1.0,0.0,0.0,0.0,0.0,0.0,0.0,0.0,0.0,0.0,0.0,0.0,0.0,0.0,2.0,1.0,1.0,1.0,내,3000,NC,21,0.5,0.5,1.0
마르테,381.0,325.0,74.0,52.0,86.0,16.0,0.0,22.0,0.0,0.0,0.0,5.0,50.0,0.0,1.0,51.0,12.0,7.0,57.0,19.399999999,97.0,32.0,내,750000,KT,33,0.35958005249343833,0.5169230769230769,0.8765031294165153
김만수,1.0,1.0,0.0,0.0,0.0,0.0,0.0,0.0,0.0,0.0,0.0,0.0,0.0,0.0,0.0,0.0,1.0,0.0,0.0,0.0,0.0,0.0,포,2900,KT,20,0.0,0.0,0.0
정주후,3.0,3.0,0.0,4.0,0.0,0.0,0.0,0.0,0.0,0.0,0.0,0.0,0.0,0.0,0.0,1.0,0.0,1.0,4.0,0.0,1.0,0.0,내,2700,KT,21,0.0,0.0,0.0
히메네스,579.0,523.0,102.0,101.0,161.0,36.0,0.0,26.0,18.0,9.0,1.0,6.0,39.0,2.0,10.0,67.0,8.0,17.0,98.0,29.666666666,148.0,45.0,내,500000,LG,28,0.3633217993079585,0.5258126195028681,0.8891344188108266
안익훈,52.0,45.0,4.0,13.0,12.0,0.0,1.0,0.0,1.0,1.0,1.0,0.0,6.0,0.0,0.0,9.0,0.0,2.0,17.0,3.0,8.0,3.0,외,4100,LG,20,0.35294117647058826,0.3111111111111111,0.6640522875816994
박성준,1.0,1.0,0.0,0.0,0.0,0.0,0.0,0.0,0.0,0.0,0.0,0.0,0.0,0.0,0.0,1.0,0.0,0.0,0.0,0.0,0.0,0.0,내,3000,LG,20,0.0,0.0,0.0
정진철,1.0,1.0,0.0,0.0,0.0,0.0,0.0,0.0,0.0,0.0,0.0,0.0,0.0,0.0,0.0,0.0,0.0,0.0,0.0,0.0,1.0,0.0,내,2700,OB,25,0.0,0.0,0.0
허정협,20.0,17.0,1.0,0.0,3.0,0.0,0.0,0.0,0.0,0.0,0.0,0.0,3.0,0.0,0.0,7.0,1.0,1.0,6.0,1.0,2.0,1.0,외,3000,WO,26,0.3,0.17647058823529413,0.4764705882352941
권정웅,1.0,1.0,0.0,1.0,1.0,0.0,0.0,0.0,0.0,0.0,0.0,0.0,0.0,0.0,0.0,0.0,0.0,0.0,0.0,0.0,0.0,0.0,포,2700,SS,24,1.0,1.0,2.0
최정용,61.0,54.0,2.0,10.0,16.0,1.0,1.0,0.0,0.0,0.0,4.0,0.0,3.0,0.0,0.0,16.0,0.0,1.0,17.0,3.0,15.0,4.0,내,2700,SK,20,0.3333333333333333,0.35185185185185186,0.6851851851851851
김지수,7.0,7.0,0.0,1.0,0.0,0.0,0.0,0.0,0.0,0.0,0.0,0.0,0.0,0.0,0.0,4.0,1.0,0.0,0.0,0.0,1.0,0.0,외,2700,LT,20,0.0,0.0,0.0
김재유,30.0,27.0,1.0,8.0,4.0,0.0,0.0,0.0,2.0,3.0,1.0,0.0,1.0,0.0,1.0,7.0,1.0,0.0,4.0,1.5,12.0,2.0,외,2900,LT,24,0.20689655172413793,0.14814814814814814,0.35504469987228604
김대륙,59.0,49.0,5.0,5.0,7.0,1.0,2.0,0.0,0.0,0.0,1.0,1.0,5.0,0.0,3.0,20.0,0.0,5.0,14.0,2.0,17.0,2.0,내,3200,LT,24,0.25862068965517243,0.24489795918367346,0.5035186488388459
강동관,2.0,2.0,0.0,0.0,0.0,0.0,0.0,0.0,0.0,0.0,0.0,0.0,0.0,0.0,0.0,0.0,0.0,0.0,0.0,0.0,1.0,0.0,포,2700,LT,20,0.0,0.0,0.0
아두치,272.0,247.0,41.0,46.0,72.0,18.0,3.0,7.0,15.0,2.0,1.0,5.0,18.0,1.0,1.0,59.0,5.0,2.0,42.0,10.083333333,74.0,19.0,외,780000,LT,31,0.33579335793357934,0.47368421052631576,0.8094775684598952
황대인,7.0,7.0,3.0,1.0,3.0,2.0,0.0,1.0,0.0,0.0,0.0,0.0,0.0,0.0,0.0,3.0,0.0,0.0,1.0,1.5,3.0,2.0,내,3000,HT,20,0.42857142857142855,1.1428571428571428,1.5714285714285714
김호령,514.0,453.0,41.0,72.0,121.0,18.0,3.0,8.0,19.0,10.0,13.0,2.0,36.0,0.0,10.0,104.0,7.0,3.0,82.0,19.916666666,122.0,27.0,외,6000,HT,24,0.3333333333333333,0.3730684326710817,0.7064017660044151
주현상,8.0,8.0,0.0,0.0,2.0,0.0,0.0,0.0,0.0,0.0,0.0,0.0,0.0,0.0,0.0,1.0,0.0,0.0,1.0,0.0,2.0,0.0,내,3700,HH,24,0.25,0.25,0.5
이현석,11.0,11.0,0.0,1.0,2.0,0.0,0.0,0.0,0.0,0.0,0.0,0.0,0.0,0.0,0.0,8.0,1.0,0.0,0.0,0.0,1.0,0.0,포,2700,SK,24,0.18181818181818182,0.18181818181818182,0.36363636363636365
김웅빈,15.0,14.0,4.0,4.0,6.0,0.0,0.0,1.0,0.0,0.0,0.0,1.0,0.0,0.0,0.0,3.0,0.0,2.0,4.0,1.0,3.0,1.0,내,2700,WO,20,0.4,0.6428571428571429,1.042857142857143
남태혁,48.0,44.0,2.0,2.0,9.0,3.0,0.0,0.0,1.0,0.0,0.0,1.0,3.0,0.0,0.0,18.0,3.0,4.0,6.0,1.0,12.0,1.0,내,2700,KT,25,0.25,0.2727272727272727,0.5227272727272727
홍창기,5.0,4.0,0.0,0.0,0.0,0.0,0.0,0.0,0.0,0.0,0.0,0.0,0.0,0.0,1.0,0.0,0.0,0.0,2.0,0.0,1.0,0.0,외,2700,LG,23,0.2,0.0,0.2
서예일,21.0,19.0,0.0,3.0,2.0,0.0,0.0,0.0,0.0,0.0,0.0,0.0,2.0,0.0,0.0,8.0,1.0,1.0,6.0,0.0,6.0,0.0,내,2700,OB,23,0.19047619047619047,0.10526315789473684,0.2957393483709273
조수행,29.0,29.0,3.0,16.0,8.0,0.0,0.0,0.0,2.0,3.0,0.0,0.0,0.0,0.0,0.0,6.0,0.0,1.0,17.0,2.5,10.0,3.0,외,2700,OB,23,0.27586206896551724,0.27586206896551724,0.5517241379310345
에반스,481.0,400.0,81.0,69.0,123.0,31.0,0.0,24.0,0.0,0.0,0.0,7.0,69.0,0.0,5.0,90.0,10.0,2.0,99.0,20.666666667,109.0,29.0,외,550000,OB,30,0.4095634095634096,0.565,0.9745634095634095
대니돈,497.0,417.0,70.0,65.0,123.0,33.0,1.0,16.0,1.0,0.0,1.0,4.0,70.0,4.0,5.0,72.0,8.0,4.0,97.0,21.5,111.0,33.0,외,600000,WO,32,0.39919354838709675,0.4940047961630695,0.8931983445501663
주효상,19.0,18.0,3.0,3.0,4.0,1.0,0.0,0.0,0.0,0.0,0.0,0.0,1.0,0.0,0.0,9.0,0.0,0.0,3.0,2.0,6.0,2.0,포,2700,WO,19,0.2631578947368421,0.2777777777777778,0.5409356725146199
이성규,6.0,4.0,0.0,2.0,1.0,0.0,0.0,0.0,0.0,0.0,2.0,0.0,0.0,0.0,0.0,3.0,0.0,0.0,1.0,0.0,0.0,0.0,내,2700,SS,23,0.25,0.25,0.5
발디리스,190.0,154.0,33.0,24.0,41.0,6.0,0.0,8.0,0.0,0.0,0.0,3.0,31.0,0.0,2.0,17.0,9.0,5.0,35.0,11.333333333,53.0,13.0,내,800000,SS,33,0.3894736842105263,0.461038961038961,0.8505126452494873
황선도,4.0,3.0,0.0,0.0,1.0,0.0,0.0,0.0,0.0,0.0,0.0,0.0,1.0,0.0,0.0,1.0,0.0,0.0,2.0,0.0,1.0,0.0,외,2700,SS,19,0.5,0.3333333333333333,0.8333333333333333
나경민,66.0,56.0,3.0,13.0,13.0,2.0,0.0,0.0,3.0,3.0,1.0,1.0,8.0,0.0,0.0,18.0,0.0,1.0,23.0,1.0,15.0,1.0,외,2700,LT,25,0.3230769230769231,0.26785714285714285,0.5909340659340659
맥스웰,99.0,80.0,16.0,14.0,23.0,3.0,1.0,4.0,2.0,2.0,0.0,1.0,15.0,0.0,3.0,25.0,0.0,1.0,22.0,6.0,24.0,9.0,외,280000,LT,33,0.41414141414141414,0.5,0.9141414141414141
최원준,25.0,24.0,4.0,5.0,11.0,1.0,0.0,1.0,1.0,1.0,1.0,0.0,0.0,0.0,0.0,3.0,0.0,2.0,8.0,4.0,5.0,4.0,내,2700,HT,19,0.4583333333333333,0.625,1.0833333333333333
이진영,33.0,29.0,2.0,4.0,4.0,0.0,0.0,0.0,1.0,1.0,1.0,0.0,3.0,0.0,0.0,10.0,1.0,1.0,4.0,1.0,7.0,1.0,외,2700,HT,19,0.21875,0.13793103448275862,0.3566810344827586
이동훈,2.0,2.0,0.0,3.0,0.0,0.0,0.0,0.0,0.0,0.0,0.0,0.0,0.0,0.0,0.0,1.0,0.0,0.0,7.0,0.0,0.0,0.0,외,2700,HH,20,0.0,0.0,0.0
로사리오,532.0,492.0,120.0,78.0,158.0,31.0,2.0,33.0,1.0,3.0,1.0,2.0,33.0,3.0,4.0,90.0,16.0,6.0,99.0,32.583333332,155.0,54.0,내,1000000,HH,27,0.3672316384180791,0.5934959349593496,0.9607275733774288
김주현,3.0,3.0,0.0,0.0,0.0,0.0,0.0,0.0,0.0,0.0,0.0,0.0,0.0,0.0,0.0,2.0,0.0,0.0,0.0,0.0,0.0,0.0,외,2700,HH,23,0.0,0.0,0.0
고메즈,492.0,456.0,62.0,74.0,129.0,31.0,0.0,21.0,16.0,8.0,2.0,4.0,25.0,2.0,5.0,87.0,11.0,25.0,68.0,20.333333332,101.0,30.0,내,650000,SK,28,0.32448979591836735,0.48903508771929827,0.8135248836376656
임석진,12.0,11.0,0.0,3.0,2.0,0.0,0.0,0.0,0.0,0.0,0.0,0.0,1.0,0.0,0.0,6.0,0.0,0.0,0.0,0.0,1.0,0.0,내,2700,SK,19,0.25,0.18181818181818182,0.4318181818181818
김동엽,150.0,143.0,23.0,19.0,48.0,8.0,0.0,6.0,2.0,1.0,0.0,1.0,5.0,0.0,1.0,41.0,3.0,0.0,25.0,5.833333333000001,31.0,9.0,외,2700,SK,26,0.36,0.5174825174825175,0.8774825174825175
도태훈,7.0,6.0,0.0,1.0,1.0,0.0,0.0,0.0,0.0,0.0,0.0,0.0,0.0,0.0,1.0,2.0,0.0,1.0,0.0,0.0,2.0,0.0,내,2700,NC,23,0.2857142857142857,0.16666666666666666,0.45238095238095233
이재율,13.0,13.0,0.0,9.0,2.0,0.0,0.0,0.0,8.0,1.0,0.0,0.0,0.0,0.0,0.0,3.0,0.0,1.0,13.0,0.0,1.0,0.0,외,2700,NC,23,0.15384615384615385,0.15384615384615385,0.3076923076923077
김주찬,555.0,511.0,101.0,97.0,177.0,37.0,3.0,23.0,9.0,7.0,1.0,6.0,30.0,1.0,7.0,68.0,13.0,3.0,101.0,37.333333333,126.0,53.0,외,50000,HT,35,0.3862815884476534,0.5655577299412916,0.9518393183889451
박기혁,348.0,308.0,34.0,36.0,84.0,13.0,0.0,2.0,0.0,2.0,10.0,2.0,27.0,0.0,1.0,53.0,8.0,13.0,60.0,15.0,81.0,20.0,내,15000,KT,35,0.33136094674556216,0.3344155844155844,0.6657765311611465
김상현,246.0,222.0,32.0,29.0,50.0,5.0,0.0,11.0,0.0,1.0,0.0,2.0,20.0,0.0,2.0,48.0,10.0,9.0,29.0,9.5,60.0,14.0,외,20000,KT,36,0.2926829268292683,0.3963963963963964,0.6890793232256647
이범호,560.0,484.0,108.0,93.0,150.0,23.0,0.0,33.0,1.0,1.0,0.0,7.0,60.0,7.0,9.0,57.0,15.0,11.0,96.0,30.499999999,137.0,43.0,내,65000,HT,35,0.39107142857142857,0.5619834710743802,0.9530548996458088
이성우,89.0,76.0,6.0,9.0,16.0,1.0,0.0,0.0,0.0,0.0,4.0,1.0,5.0,0.0,3.0,10.0,3.0,2.0,13.0,3.5,23.0,4.0,포,6500,HT,35,0.2823529411764706,0.2236842105263158,0.5060371517027864
김원섭,90.0,73.0,12.0,10.0,16.0,5.0,0.0,0.0,1.0,0.0,1.0,1.0,15.0,0.0,0.0,16.0,2.0,1.0,23.0,4.833333333000001,20.0,6.0,외,15000,HT,38,0.34831460674157305,0.2876712328767123,0.6359858396182854
장민석,227.0,205.0,16.0,38.0,47.0,7.0,3.0,1.0,3.0,3.0,6.0,0.0,16.0,0.0,0.0,44.0,3.0,3.0,42.0,7.333333333,50.0,11.0,외,10000,HH,34,0.2850678733031674,0.3073170731707317,0.592384946473899
박한이,401.0,349.0,69.0,57.0,105.0,21.0,0.0,14.0,1.0,0.0,6.0,4.0,40.0,2.0,2.0,72.0,5.0,0.0,64.0,23.399999999,105.0,35.0,외,45000,SS,37,0.3721518987341772,0.4813753581661891,0.8535272569003662
최준석,396.0,325.0,70.0,49.0,85.0,10.0,0.0,19.0,0.0,0.0,0.0,4.0,64.0,2.0,3.0,102.0,14.0,0.0,59.0,16.916666667,99.0,26.0,내,40000,LT,33,0.3838383838383838,0.4676923076923077,0.8515306915306915
박종윤,211.0,195.0,17.0,24.0,55.0,5.0,1.0,1.0,3.0,2.0,3.0,1.0,10.0,1.0,2.0,25.0,4.0,3.0,43.0,6.833333333000001,53.0,13.0,내,16000,LT,34,0.32211538461538464,0.3333333333333333,0.655448717948718
이우민,98.0,83.0,8.0,19.0,16.0,5.0,0.0,1.0,2.0,2.0,4.0,0.0,7.0,0.0,4.0,16.0,3.0,0.0,17.0,2.5,29.0,3.0,외,7000,LT,34,0.2872340425531915,0.2891566265060241,0.5763906690592155
김경언,217.0,182.0,25.0,23.0,48.0,6.0,1.0,5.0,3.0,0.0,2.0,3.0,28.0,0.0,2.0,46.0,7.0,1.0,39.0,7.666666666,51.0,11.0,외,20000,HH,34,0.3627906976744186,0.3901098901098901,0.7529005877843087
김태균,652.0,529.0,136.0,94.0,193.0,39.0,0.0,23.0,1.0,0.0,0.0,6.0,108.0,10.0,9.0,97.0,11.0,4.0,164.0,46.999999999,163.0,68.0,내,160000,HH,34,0.4754601226993865,0.5689981096408318,1.0444582323402183
김강민,422.0,366.0,47.0,59.0,109.0,21.0,0.0,10.0,12.0,5.0,10.0,2.0,32.0,2.0,12.0,89.0,5.0,2.0,82.0,16.249999998,107.0,28.0,외,60000,SK,34,0.3713592233009709,0.4371584699453552,0.808517693246326
정상호,159.0,132.0,10.0,12.0,24.0,5.0,0.0,1.0,0.0,1.0,4.0,2.0,17.0,0.0,4.0,39.0,2.0,3.0,29.0,5.0,44.0,6.0,포,50000,LG,34,0.2903225806451613,0.24242424242424243,0.5327468230694037
조동화,172.0,143.0,16.0,24.0,34.0,5.0,0.0,0.0,6.0,2.0,8.0,2.0,15.0,0.0,4.0,17.0,2.0,2.0,31.0,6.5,30.0,7.0,외,30000,SK,35,0.3231707317073171,0.2727272727272727,0.5958980044345898
박재상,288.0,255.0,35.0,37.0,76.0,14.0,1.0,6.0,3.0,6.0,4.0,2.0,27.0,0.0,0.0,37.0,9.0,3.0,51.0,14.166666666,56.0,19.0,외,20000,SK,34,0.3626760563380282,0.43137254901960786,0.7940486053576361
박용택,578.0,509.0,90.0,84.0,176.0,24.0,0.0,11.0,6.0,6.0,0.0,7.0,58.0,5.0,4.0,71.0,13.0,0.0,120.0,38.083333332,149.0,56.0,외,80000,LG,37,0.4117647058823529,0.4577603143418468,0.8695250202241998
고영민,5.0,4.0,1.0,1.0,1.0,1.0,0.0,0.0,0.0,0.0,0.0,0.0,1.0,0.0,0.0,1.0,0.0,0.0,3.0,1.0,2.0,1.0,내,15000,OB,32,0.4,0.5,0.9
김민우,47.0,41.0,4.0,3.0,8.0,1.0,0.0,0.0,1.0,0.0,1.0,0.0,5.0,0.0,0.0,12.0,1.0,0.0,11.0,1.5,8.0,2.0,내,12000,HT,37,0.2826086956521739,0.21951219512195122,0.5021208907741251
최형우,618.0,519.0,144.0,99.0,195.0,46.0,2.0,31.0,2.0,2.0,0.0,7.0,83.0,8.0,9.0,83.0,12.0,3.0,125.0,35.666666666,166.0,63.0,외,70000,SS,33,0.46440129449838186,0.651252408477842,1.115653702976224
손주인,409.0,354.0,39.0,47.0,114.0,20.0,3.0,2.0,5.0,4.0,12.0,4.0,33.0,0.0,6.0,35.0,6.0,7.0,71.0,14.333333333,87.0,21.0,내,12000,LG,33,0.3853904282115869,0.4124293785310734,0.7978198067426603
조동찬,282.0,247.0,36.0,32.0,68.0,11.0,1.0,10.0,0.0,1.0,3.0,3.0,26.0,0.0,3.0,64.0,7.0,11.0,48.0,10.166666666,63.0,14.0,내,40000,SS,33,0.34767025089605735,0.4493927125506073,0.7970629634466646
문규현,368.0,316.0,40.0,38.0,86.0,10.0,0.0,4.0,2.0,3.0,19.0,2.0,29.0,0.0,1.0,39.0,10.0,7.0,74.0,13.083333333,82.0,20.0,내,9000,LT,33,0.3333333333333333,0.34177215189873417,0.6751054852320675
신종길,240.0,213.0,12.0,34.0,66.0,8.0,3.0,1.0,7.0,4.0,1.0,0.0,20.0,0.0,6.0,49.0,1.0,0.0,37.0,7.833333333,40.0,10.0,외,12000,HT,33,0.38493723849372385,0.38967136150234744,0.7746085999960712
이대수,15.0,12.0,2.0,0.0,0.0,0.0,0.0,0.0,0.0,0.0,0.0,1.0,2.0,0.0,0.0,3.0,0.0,0.0,4.0,0.0,3.0,0.0,내,35000,SK,35,0.13333333333333333,0.0,0.13333333333333333
박경수,476.0,402.0,80.0,64.0,126.0,22.0,1.0,20.0,3.0,1.0,0.0,4.0,65.0,2.0,5.0,80.0,9.0,13.0,100.0,22.916666666,117.0,38.0,내,23000,KT,32,0.4117647058823529,0.5223880597014925,0.9341527655838454
이성열,219.0,198.0,29.0,29.0,57.0,7.0,3.0,10.0,0.0,0.0,2.0,0.0,11.0,0.0,8.0,62.0,3.0,2.0,38.0,11.166666667,61.0,15.0,외,25000,HH,32,0.35023041474654376,0.5050505050505051,0.8552809197970488
이대형,654.0,600.0,42.0,89.0,192.0,14.0,3.0,1.0,37.0,20.0,7.0,1.0,44.0,0.0,2.0,90.0,6.0,2.0,136.0,26.500000000000004,124.0,39.0,외,30000,KT,33,0.3678516228748068,0.35833333333333334,0.7261849562081402
나주환,65.0,57.0,12.0,13.0,22.0,2.0,0.0,5.0,0.0,4.0,3.0,0.0,2.0,0.0,3.0,6.0,4.0,2.0,6.0,4.0,12.0,5.0,내,20000,SK,32,0.43548387096774194,0.6842105263157895,1.1196943972835314
손시헌,403.0,341.0,39.0,36.0,104.0,21.0,2.0,5.0,1.0,0.0,10.0,1.0,38.0,0.0,13.0,48.0,13.0,13.0,92.0,21.333333334,90.0,28.0,내,40000,NC,36,0.3944020356234097,0.4222873900293255,0.8166894256527353
지석훈,394.0,351.0,54.0,34.0,77.0,14.0,0.0,9.0,0.0,2.0,6.0,6.0,22.0,0.0,9.0,91.0,9.0,9.0,68.0,16.416666666,112.0,26.0,내,14000,NC,32,0.27835051546391754,0.33618233618233617,0.6145328516462537
이종욱,517.0,453.0,57.0,73.0,138.0,24.0,4.0,5.0,15.0,3.0,4.0,5.0,54.0,0.0,1.0,73.0,11.0,2.0,93.0,25.333333333,108.0,34.0,외,50000,NC,36,0.3762183235867446,0.4083885209713024,0.784606844558047
이택근,460.0,398.0,65.0,64.0,123.0,19.0,1.0,8.0,7.0,4.0,0.0,6.0,53.0,1.0,3.0,56.0,11.0,1.0,96.0,27.666666667,116.0,40.0,외,50000,WO,36,0.38913043478260867,0.4221105527638191,0.8112409875464277
차일목,329.0,276.0,38.0,30.0,63.0,8.0,0.0,3.0,0.0,0.0,13.0,6.0,30.0,0.0,4.0,57.0,9.0,6.0,62.0,11.999999999,85.0,19.0,포,15000,HH,35,0.3069620253164557,0.2898550724637681,0.5968170977802238
서동욱,485.0,411.0,67.0,73.0,120.0,30.0,3.0,16.0,9.0,4.0,6.0,3.0,60.0,1.0,5.0,108.0,8.0,6.0,85.0,19.666666667,91.0,28.0,내,5800,HT,32,0.3862212943632568,0.49635036496350365,0.8825716593267605
이양기,58.0,52.0,9.0,5.0,15.0,2.0,0.0,1.0,0.0,0.0,1.0,1.0,2.0,0.0,2.0,8.0,6.0,1.0,12.0,3.5,16.0,5.0,외,5400,HH,35,0.3333333333333333,0.38461538461538464,0.717948717948718
최경철,52.0,45.0,2.0,3.0,7.0,2.0,0.0,0.0,0.0,0.0,2.0,0.0,4.0,0.0,1.0,16.0,0.0,2.0,6.0,0.5,11.0,1.0,포,9000,LG,36,0.24,0.2,0.44
김태완,52.0,46.0,9.0,4.0,9.0,2.0,0.0,1.0,0.0,0.0,0.0,1.0,5.0,1.0,0.0,15.0,2.0,0.0,6.0,4.5,21.0,5.0,내,6000,SS,35,0.2692307692307692,0.30434782608695654,0.5735785953177257
이용규,530.0,452.0,41.0,98.0,159.0,20.0,4.0,3.0,21.0,11.0,7.0,1.0,63.0,1.0,7.0,29.0,7.0,3.0,111.0,25.5,99.0,37.0,외,70000,HH,31,0.4378585086042065,0.4336283185840708,0.8714868271882773
김재호,496.0,416.0,78.0,69.0,129.0,27.0,3.0,7.0,8.0,4.0,5.0,13.0,57.0,1.0,5.0,52.0,8.0,10.0,101.0,28.0,125.0,42.0,내,41000,OB,31,0.3890020366598778,0.43990384615384615,0.8289058828137239
윤석민,402.0,341.0,80.0,72.0,114.0,15.0,0.0,19.0,2.0,3.0,0.0,6.0,46.0,3.0,9.0,50.0,16.0,6.0,77.0,19.5,121.0,35.0,내,16000,WO,31,0.42039800995024873,0.5454545454545454,0.9658525554047941
용덕한,116.0,104.0,7.0,16.0,22.0,3.0,0.0,2.0,0.0,0.0,2.0,1.0,8.0,0.0,1.0,21.0,5.0,1.0,15.0,2.0,22.0,3.0,포,8500,NC,35,0.2719298245614035,0.2980769230769231,0.5700067476383266
유한준,460.0,408.0,64.0,70.0,137.0,22.0,0.0,14.0,4.0,1.0,0.0,3.0,47.0,1.0,2.0,40.0,10.0,1.0,94.0,24.666666665,116.0,37.0,외,60000,KT,35,0.4043478260869565,0.49264705882352944,0.896994884910486
조평호,7.0,6.0,0.0,1.0,1.0,0.0,0.0,0.0,0.0,0.0,0.0,0.0,1.0,0.0,0.0,1.0,1.0,0.0,1.0,0.0,2.0,0.0,내,3500,NC,31,0.2857142857142857,0.16666666666666666,0.45238095238095233
이정식,9.0,8.0,1.0,0.0,0.0,0.0,0.0,0.0,0.0,0.0,0.0,0.0,0.0,0.0,1.0,3.0,0.0,1.0,3.0,0.0,2.0,0.0,포,4500,SS,35,0.1111111111111111,0.0,0.1111111111111111
박석민,506.0,427.0,104.0,77.0,131.0,20.0,0.0,32.0,2.0,0.0,2.0,4.0,56.0,2.0,16.0,95.0,18.0,15.0,92.0,25.333333334,130.0,46.0,내,75000,NC,31,0.40357852882703776,0.5784543325526932,0.9820328613797309
강민호,460.0,381.0,72.0,65.0,123.0,26.0,0.0,20.0,4.0,0.0,0.0,3.0,66.0,4.0,10.0,91.0,7.0,4.0,101.0,25.833333333,103.0,34.0,포,100000,LT,31,0.4326086956521739,0.5485564304461942,0.981165126098368
김주형,387.0,345.0,49.0,43.0,97.0,16.0,1.0,19.0,1.0,2.0,1.0,1.0,34.0,0.0,6.0,55.0,9.0,11.0,63.0,13.499999999,78.0,19.0,내,5500,HT,31,0.3549222797927461,0.4985507246376812,0.8534730044304273
최진행,85.0,70.0,9.0,4.0,23.0,2.0,0.0,1.0,0.0,0.0,2.0,0.0,11.0,0.0,2.0,16.0,1.0,0.0,29.0,6.0,17.0,7.0,외,18500,HH,31,0.43373493975903615,0.4,0.8337349397590361
박노민,2.0,2.0,0.0,0.0,0.0,0.0,0.0,0.0,0.0,0.0,0.0,0.0,0.0,0.0,0.0,2.0,0.0,0.0,0.0,0.0,1.0,0.0,포,4000,HH,31,0.0,0.0,0.0
임훈,198.0,180.0,14.0,20.0,47.0,4.0,0.0,1.0,8.0,4.0,4.0,0.0,12.0,0.0,2.0,26.0,6.0,0.0,37.0,7.5,44.0,11.0,외,13000,LG,31,0.31443298969072164,0.3,0.6144329896907217
박정권,468.0,422.0,59.0,59.0,117.0,17.0,3.0,18.0,4.0,0.0,2.0,4.0,35.0,0.0,5.0,99.0,7.0,6.0,84.0,17.999999999,107.0,26.0,내,40000,SK,35,0.3369098712446352,0.4597156398104265,0.7966255110550617
정의윤,616.0,576.0,100.0,68.0,179.0,32.0,1.0,27.0,2.0,3.0,0.0,5.0,25.0,3.0,10.0,76.0,15.0,5.0,109.0,28.000000001,153.0,46.0,외,12000,SK,30,0.3474025974025974,0.5104166666666666,0.857819264069264
오재일,455.0,380.0,92.0,69.0,120.0,20.0,2.0,27.0,1.0,0.0,2.0,7.0,64.0,2.0,2.0,73.0,5.0,7.0,89.0,21.749999999,105.0,31.0,내,9500,OB,30,0.4105960264900662,0.5921052631578947,1.0027012896479608
조영훈,207.0,179.0,35.0,29.0,60.0,14.0,0.0,5.0,3.0,3.0,1.0,3.0,21.0,1.0,3.0,43.0,2.0,5.0,38.0,15.833333333,59.0,20.0,내,11000,NC,34,0.4077669902912621,0.4972067039106145,0.9049736942018767
이원석,22.0,19.0,7.0,3.0,6.0,3.0,0.0,2.0,0.0,0.0,0.0,1.0,2.0,0.0,0.0,2.0,1.0,2.0,4.0,2.333333333,9.0,3.0,내,15000,OB,30,0.36363636363636365,0.7894736842105263,1.1531100478468899
정근우,650.0,575.0,88.0,121.0,178.0,31.0,2.0,18.0,22.0,6.0,1.0,5.0,60.0,2.0,9.0,58.0,14.0,16.0,104.0,37.083333332,134.0,52.0,내,70000,HH,34,0.38058551617873654,0.4643478260869565,0.844933342265693
최정,606.0,500.0,106.0,106.0,144.0,24.0,1.0,40.0,1.0,2.0,0.0,6.0,77.0,2.0,23.0,126.0,6.0,14.0,115.0,22.5,108.0,30.0,내,100000,SK,29,0.40264026402640263,0.58,0.9826402640264026
이병규,350.0,290.0,37.0,43.0,79.0,12.0,2.0,7.0,8.0,5.0,0.0,3.0,47.0,1.0,10.0,81.0,4.0,3.0,67.0,11.749999999,84.0,18.0,외,15600,LG,33,0.38857142857142857,0.4,0.7885714285714286
최승준,231.0,199.0,42.0,31.0,53.0,5.0,0.0,19.0,0.0,0.0,0.0,1.0,28.0,1.0,3.0,66.0,5.0,2.0,44.0,7.833333333000001,64.0,12.0,내,4200,SK,28,0.36363636363636365,0.5778894472361809,0.9415258108725445
양의지,392.0,332.0,66.0,66.0,106.0,17.0,0.0,22.0,2.0,0.0,1.0,7.0,40.0,1.0,12.0,29.0,20.0,7.0,67.0,18.333333333,102.0,25.0,포,42000,OB,29,0.4040920716112532,0.5692771084337349,0.9733691800449882
민병헌,579.0,511.0,87.0,98.0,166.0,31.0,4.0,16.0,9.0,2.0,1.0,4.0,48.0,1.0,15.0,91.0,18.0,0.0,114.0,30.833333332999995,140.0,50.0,외,35000,OB,29,0.3961937716262976,0.49510763209393344,0.891301403720231
최주환,182.0,160.0,22.0,21.0,45.0,11.0,0.0,2.0,0.0,0.0,2.0,4.0,12.0,1.0,4.0,19.0,2.0,2.0,22.0,12.5,34.0,13.0,내,11000,OB,28,0.3388888888888889,0.3875,0.726388888888889
신현철,25.0,24.0,2.0,3.0,7.0,2.0,0.0,0.0,0.0,0.0,0.0,0.0,0.0,0.0,1.0,12.0,0.0,0.0,9.0,1.0,5.0,1.0,내,3000,KT,29,0.32,0.375,0.6950000000000001
황재균,559.0,498.0,113.0,97.0,167.0,26.0,5.0,27.0,25.0,10.0,0.0,8.0,49.0,5.0,4.0,66.0,10.0,15.0,112.0,38.766666667,151.0,62.0,내,50000,LT,29,0.3935599284436494,0.570281124497992,0.9638410529416414
유재신,74.0,62.0,6.0,20.0,16.0,0.0,0.0,0.0,16.0,7.0,2.0,0.0,10.0,0.0,0.0,12.0,0.0,2.0,40.0,6.0,20.0,7.0,외,6000,WO,29,0.3611111111111111,0.25806451612903225,0.6191756272401434
이여상,83.0,72.0,7.0,10.0,18.0,3.0,1.0,0.0,2.0,2.0,3.0,1.0,7.0,0.0,0.0,25.0,0.0,5.0,21.0,6.333333333000001,26.0,8.0,내,3600,LT,32,0.3125,0.3194444444444444,0.6319444444444444
김문호,599.0,526.0,70.0,77.0,171.0,28.0,3.0,7.0,12.0,15.0,3.0,2.0,62.0,1.0,6.0,70.0,15.0,5.0,138.0,29.833333333,151.0,46.0,외,7000,LT,29,0.401006711409396,0.4296577946768061,0.8306645060862021
손용석,99.0,90.0,9.0,8.0,22.0,5.0,0.0,0.0,0.0,0.0,2.0,2.0,1.0,0.0,4.0,18.0,7.0,2.0,17.0,3.75,29.0,5.0,내,3400,LT,29,0.27835051546391754,0.3,0.5783505154639175
정범모,4.0,4.0,0.0,0.0,0.0,0.0,0.0,0.0,0.0,0.0,0.0,0.0,0.0,0.0,0.0,3.0,0.0,0.0,1.0,0.0,2.0,0.0,포,6000,HH,29,0.0,0.0,0.0
김태완,24.0,20.0,0.0,3.0,7.0,1.0,1.0,0.0,0.0,0.0,0.0,0.0,3.0,0.0,1.0,8.0,0.0,0.0,3.0,0.0,3.0,0.0,외,8000,HH,32,0.4583333333333333,0.5,0.9583333333333333
송광민,494.0,449.0,83.0,80.0,146.0,27.0,2.0,17.0,3.0,0.0,7.0,6.0,28.0,0.0,4.0,86.0,16.0,14.0,87.0,23.666666665,119.0,39.0,내,10000,HH,33,0.3655030800821355,0.5077951002227171,0.8732981803048526
김성현,530.0,479.0,65.0,66.0,153.0,28.0,0.0,8.0,3.0,3.0,5.0,7.0,33.0,0.0,6.0,37.0,13.0,16.0,106.0,25.083333333,121.0,39.0,내,18000,SK,29,0.3657142857142857,0.4279749478079332,0.793689233522219
이재원,472.0,411.0,64.0,49.0,119.0,15.0,0.0,15.0,1.0,5.0,2.0,7.0,43.0,3.0,9.0,76.0,15.0,8.0,82.0,20.333333334,108.0,27.0,포,28000,SK,28,0.3638297872340426,0.43552311435523117,0.7993529015892737
이명기,326.0,287.0,22.0,29.0,78.0,7.0,4.0,1.0,14.0,8.0,10.0,2.0,23.0,0.0,4.0,37.0,3.0,4.0,75.0,14.25,78.0,19.0,외,18000,SK,29,0.3322784810126582,0.3344947735191638,0.666773254531822
김재현,193.0,168.0,18.0,27.0,54.0,5.0,5.0,1.0,13.0,7.0,8.0,1.0,11.0,0.0,5.0,41.0,1.0,1.0,51.0,12.833333333,53.0,16.0,외,4000,SK,29,0.3783783783783784,0.42857142857142855,0.8069498069498069
박용근,86.0,74.0,6.0,5.0,17.0,4.0,1.0,1.0,0.0,1.0,0.0,1.0,11.0,0.0,0.0,14.0,1.0,1.0,20.0,2.0,20.0,3.0,내,4000,KT,32,0.32558139534883723,0.35135135135135137,0.6769327467001887
허도환,93.0,78.0,12.0,9.0,17.0,8.0,0.0,0.0,0.0,0.0,4.0,0.0,6.0,0.0,5.0,21.0,2.0,1.0,21.0,5.5,36.0,8.0,포,7500,HH,32,0.3146067415730337,0.32051282051282054,0.6351195620858543
오재원,484.0,416.0,58.0,68.0,113.0,18.0,1.0,5.0,13.0,10.0,3.0,6.0,54.0,1.0,5.0,82.0,10.0,16.0,87.0,26.583333333,115.0,38.0,내,55000,OB,31,0.3575883575883576,0.3557692307692308,0.7133575883575884
김종호,137.0,122.0,7.0,26.0,36.0,2.0,0.0,0.0,13.0,6.0,1.0,0.0,14.0,0.0,0.0,30.0,3.0,1.0,46.0,6.0,28.0,8.0,외,17500,NC,32,0.36764705882352944,0.3114754098360656,0.679122468659595
김동명,41.0,37.0,5.0,3.0,5.0,0.0,0.0,3.0,0.0,0.0,0.0,0.0,3.0,0.0,1.0,14.0,2.0,1.0,3.0,2.0,10.0,2.0,포,4000,KT,28,0.21951219512195122,0.3783783783783784,0.5978905735003296
채태인,417.0,370.0,72.0,29.0,106.0,14.0,3.0,7.0,0.0,1.0,0.0,9.0,36.0,1.0,2.0,92.0,13.0,3.0,78.0,27.416666664999997,123.0,43.0,내,30000,WO,34,0.34532374100719426,0.3972972972972973,0.7426210383044916
임익준,2.0,2.0,0.0,0.0,0.0,0.0,0.0,0.0,0.0,0.0,0.0,0.0,0.0,0.0,0.0,1.0,0.0,0.0,0.0,0.0,0.0,0.0,내,3500,HH,28,0.0,0.0,0.0
손아섭,672.0,575.0,81.0,118.0,186.0,33.0,1.0,16.0,42.0,4.0,0.0,2.0,92.0,1.0,3.0,104.0,4.0,3.0,146.0,29.583333333,136.0,45.0,외,60000,LT,28,0.4181547619047619,0.4678260869565217,0.8859808488612837
김민성,579.0,510.0,90.0,76.0,156.0,39.0,5.0,17.0,6.0,3.0,1.0,12.0,53.0,3.0,3.0,89.0,15.0,7.0,109.0,28.916666666,151.0,45.0,내,22000,WO,28,0.36678200692041524,0.5019607843137255,0.8687427912341408
김연훈,181.0,166.0,18.0,13.0,36.0,10.0,0.0,1.0,2.0,0.0,5.0,3.0,7.0,1.0,0.0,46.0,5.0,8.0,37.0,10.5,45.0,13.0,내,4700,KT,32,0.24431818181818182,0.29518072289156627,0.539498904709748
이호신,43.0,39.0,2.0,1.0,6.0,2.0,0.0,0.0,1.0,1.0,1.0,1.0,2.0,0.0,0.0,10.0,1.0,0.0,13.0,1.0,7.0,1.0,외,3600,HT,32,0.19047619047619047,0.20512820512820512,0.3956043956043956
김주현,33.0,29.0,1.0,4.0,6.0,4.0,0.0,0.0,1.0,0.0,1.0,0.0,3.0,0.0,0.0,12.0,0.0,0.0,8.0,0.5,10.0,1.0,외,3300,LT,28,0.28125,0.3448275862068966,0.6260775862068966
박윤,12.0,11.0,0.0,0.0,1.0,0.0,0.0,0.0,0.0,0.0,0.0,0.0,1.0,0.0,0.0,2.0,0.0,0.0,1.0,1.0,3.0,1.0,내,4000,WO,28,0.16666666666666666,0.09090909090909091,0.25757575757575757
김기현,17.0,16.0,0.0,3.0,3.0,1.0,0.0,0.0,0.0,0.0,0.0,0.0,1.0,0.0,0.0,6.0,0.0,0.0,3.0,0.0,3.0,0.0,외,3000,SK,29,0.23529411764705882,0.25,0.4852941176470588
김태군,395.0,340.0,30.0,37.0,79.0,15.0,0.0,1.0,0.0,0.0,20.0,4.0,22.0,0.0,9.0,44.0,14.0,0.0,62.0,14.749999999,102.0,21.0,포,21000,NC,27,0.29333333333333333,0.2852941176470588,0.5786274509803921
이형종,147.0,124.0,14.0,14.0,35.0,4.0,2.0,1.0,1.0,0.0,5.0,1.0,15.0,0.0,2.0,20.0,3.0,0.0,28.0,5.5,22.0,7.0,외,2700,LG,27,0.36619718309859156,0.3709677419354839,0.7371649250340755
서건창,646.0,560.0,63.0,111.0,182.0,30.0,7.0,7.0,26.0,13.0,3.0,4.0,69.0,2.0,10.0,58.0,6.0,15.0,113.0,25.833333333,118.0,36.0,내,26000,WO,27,0.4059097978227061,0.44107142857142856,0.8469812263941346
김용의,347.0,308.0,20.0,62.0,98.0,18.0,4.0,1.0,19.0,7.0,4.0,0.0,35.0,0.0,0.0,64.0,6.0,0.0,68.0,13.166666667,62.0,18.0,외,6000,LG,31,0.3877551020408163,0.41233766233766234,0.8000927643784786
김재환,568.0,492.0,124.0,107.0,160.0,32.0,3.0,37.0,8.0,2.0,0.0,5.0,71.0,3.0,0.0,107.0,9.0,5.0,96.0,33.583333333,147.0,46.0,내,5000,OB,28,0.40669014084507044,0.6280487804878049,1.0347389213328753
최재훈,22.0,18.0,4.0,1.0,3.0,1.0,0.0,0.0,0.0,0.0,0.0,1.0,2.0,0.0,1.0,2.0,1.0,1.0,4.0,1.5,6.0,2.0,포,6800,OB,27,0.2727272727272727,0.2222222222222222,0.4949494949494949
전민수,240.0,213.0,29.0,31.0,65.0,14.0,1.0,3.0,5.0,2.0,4.0,0.0,19.0,0.0,4.0,46.0,4.0,0.0,52.0,15.5,47.0,17.0,외,2700,KT,27,0.3728813559322034,0.4225352112676056,0.795416567199809
우동균,82.0,68.0,10.0,14.0,15.0,1.0,0.0,2.0,0.0,0.0,1.0,1.0,12.0,0.0,0.0,10.0,0.0,2.0,12.0,3.5,14.0,4.0,외,5500,SS,27,0.3333333333333333,0.3235294117647059,0.6568627450980392
이영욱,52.0,49.0,4.0,16.0,8.0,1.0,0.0,1.0,6.0,3.0,0.0,0.0,2.0,0.0,1.0,21.0,1.0,1.0,32.0,2.0,14.0,2.0,외,5500,SS,31,0.21153846153846154,0.24489795918367346,0.456436420722135
전준우,113.0,99.0,10.0,16.0,25.0,7.0,0.0,2.0,3.0,3.0,1.0,0.0,7.0,0.0,6.0,25.0,4.0,0.0,12.0,5.333333333000001,27.0,7.0,외,20500,LT,30,0.3392857142857143,0.3838383838383838,0.7231240981240981
하준호,217.0,187.0,15.0,26.0,41.0,5.0,0.0,3.0,12.0,4.0,4.0,1.0,20.0,0.0,5.0,63.0,3.0,4.0,40.0,7.166666666,48.0,10.0,외,6000,KT,27,0.30985915492957744,0.29411764705882354,0.603976801988401
김대우,2.0,1.0,0.0,0.0,0.0,0.0,0.0,0.0,0.0,0.0,0.0,0.0,1.0,0.0,0.0,0.0,0.0,0.0,2.0,0.0,0.0,0.0,외,3800,LT,32,0.5,0.0,0.5
황진수,10.0,10.0,0.0,2.0,0.0,0.0,0.0,0.0,0.0,1.0,0.0,0.0,0.0,0.0,0.0,5.0,0.0,0.0,0.0,0.0,1.0,0.0,내,2800,LT,27,0.0,0.0,0.0
김선빈,27.0,25.0,0.0,3.0,9.0,2.0,1.0,0.0,1.0,1.0,1.0,0.0,1.0,0.0,0.0,3.0,1.0,1.0,7.0,0.0,7.0,0.0,내,8000,HT,27,0.38461538461538464,0.52,0.9046153846153846
나지완,486.0,380.0,90.0,84.0,117.0,21.0,2.0,25.0,6.0,3.0,0.0,4.0,85.0,1.0,17.0,90.0,8.0,1.0,101.0,21.916666666000005,112.0,34.0,외,20000,HT,31,0.4506172839506173,0.5710526315789474,1.0216699155295648
백용환,199.0,174.0,15.0,12.0,34.0,7.0,0.0,4.0,2.0,1.0,3.0,2.0,19.0,1.0,1.0,52.0,6.0,6.0,32.0,4.0,41.0,6.0,포,6000,HT,27,0.2755102040816326,0.3045977011494253,0.5801079052310579
정현석,8.0,8.0,0.0,0.0,0.0,0.0,0.0,0.0,0.0,0.0,0.0,0.0,0.0,0.0,0.0,2.0,2.0,0.0,0.0,0.0,2.0,0.0,외,9500,HH,32,0.0,0.0,0.0
김사연,63.0,56.0,4.0,6.0,14.0,1.0,0.0,0.0,1.0,2.0,0.0,0.0,7.0,0.0,0.0,10.0,3.0,0.0,13.0,1.833333333,13.0,4.0,외,4500,KT,28,0.3333333333333333,0.26785714285714285,0.6011904761904762
오선진,53.0,43.0,3.0,6.0,7.0,0.0,0.0,0.0,0.0,0.0,3.0,0.0,5.0,0.0,2.0,8.0,0.0,0.0,12.0,1.0,10.0,1.0,내,8000,HH,27,0.28,0.16279069767441862,0.44279069767441864
김다원,47.0,43.0,6.0,3.0,13.0,2.0,0.0,1.0,0.0,0.0,0.0,0.0,2.0,0.0,2.0,15.0,1.0,0.0,11.0,4.5,17.0,5.0,외,7000,HT,31,0.3617021276595745,0.4186046511627907,0.7803067788223652
모창민,147.0,133.0,20.0,16.0,44.0,8.0,0.0,5.0,3.0,2.0,1.0,3.0,9.0,0.0,1.0,24.0,7.0,3.0,36.0,8.666666666000001,38.0,11.0,내,12500,NC,31,0.3698630136986301,0.5037593984962406,0.8736224121948708
오현근,17.0,15.0,2.0,4.0,3.0,0.0,0.0,0.0,2.0,0.0,0.0,0.0,2.0,0.0,0.0,5.0,0.0,1.0,5.0,1.0,3.0,1.0,외,3000,LT,31,0.29411764705882354,0.2,0.49411764705882355
윤요섭,149.0,126.0,16.0,14.0,30.0,6.0,0.0,6.0,1.0,1.0,0.0,0.0,20.0,1.0,3.0,24.0,7.0,3.0,30.0,7.5,39.0,8.0,포,6500,KT,34,0.35570469798657717,0.42857142857142855,0.7842761265580057
오지환,472.0,393.0,78.0,73.0,110.0,14.0,5.0,20.0,17.0,9.0,2.0,5.0,65.0,0.0,7.0,97.0,7.0,17.0,96.0,22.999999999,124.0,33.0,내,25000,LG,26,0.3872340425531915,0.49363867684478374,0.8808727193979753
문선재,127.0,111.0,16.0,28.0,32.0,3.0,2.0,7.0,5.0,0.0,5.0,1.0,10.0,0.0,0.0,29.0,1.0,0.0,19.0,6.5,31.0,7.0,외,6500,LG,26,0.3442622950819672,0.5405405405405406,0.8848028356225077
강지광,80.0,66.0,7.0,10.0,13.0,2.0,0.0,1.0,1.0,3.0,1.0,1.0,11.0,0.0,1.0,24.0,1.0,1.0,18.0,3.0,20.0,3.0,외,2700,WO,26,0.31645569620253167,0.2727272727272727,0.5891829689298044
정주현,257.0,225.0,22.0,30.0,50.0,12.0,1.0,1.0,5.0,5.0,2.0,2.0,28.0,0.0,0.0,66.0,1.0,7.0,51.0,7.333333333,50.0,8.0,내,5000,LG,26,0.3058823529411765,0.29777777777777775,0.6036601307189542
채은성,451.0,403.0,81.0,64.0,126.0,20.0,3.0,9.0,7.0,3.0,2.0,8.0,31.0,0.0,7.0,75.0,9.0,4.0,92.0,28.5,133.0,46.0,외,5500,LG,26,0.36525612472160357,0.4441687344913151,0.8094248592129187
윤진호,23.0,21.0,0.0,3.0,4.0,0.0,0.0,0.0,1.0,0.0,2.0,0.0,0.0,0.0,0.0,6.0,1.0,2.0,6.0,0.0,5.0,0.0,내,3300,LG,30,0.19047619047619047,0.19047619047619047,0.38095238095238093
박건우,540.0,484.0,83.0,95.0,162.0,36.0,4.0,20.0,17.0,6.0,4.0,5.0,38.0,0.0,9.0,86.0,9.0,3.0,84.0,27.666666667,121.0,40.0,외,7000,OB,26,0.38992537313432835,0.5495867768595041,0.9395121499938324
정수빈,305.0,269.0,20.0,49.0,65.0,7.0,2.0,2.0,12.0,4.0,4.0,1.0,25.0,0.0,6.0,48.0,7.0,2.0,65.0,13.166666666,70.0,17.0,외,28000,OB,26,0.31893687707641194,0.3048327137546468,0.6237695908310588
허경민,609.0,538.0,81.0,96.0,154.0,24.0,4.0,7.0,6.0,6.0,6.0,2.0,49.0,1.0,14.0,58.0,14.0,8.0,115.0,35.833333333,156.0,50.0,내,20000,OB,26,0.3598673300165838,0.3847583643122677,0.7446256943288514
국해성,174.0,151.0,24.0,28.0,42.0,11.0,0.0,4.0,1.0,1.0,0.0,1.0,21.0,0.0,1.0,36.0,1.0,1.0,25.0,12.25,37.0,14.0,외,3000,OB,27,0.367816091954023,0.4304635761589404,0.7982796681129634
김지수,106.0,91.0,9.0,16.0,26.0,5.0,0.0,3.0,2.0,2.0,4.0,1.0,10.0,0.0,0.0,16.0,3.0,0.0,29.0,3.333333333,25.0,4.0,내,5500,WO,30,0.35294117647058826,0.43956043956043955,0.7925016160310279
장영석,33.0,26.0,3.0,6.0,5.0,2.0,0.0,0.0,0.0,1.0,0.0,0.0,7.0,0.0,0.0,10.0,1.0,3.0,4.0,2.0,11.0,2.0,내,3300,WO,26,0.36363636363636365,0.2692307692307692,0.6328671328671329
박헌도,82.0,69.0,11.0,9.0,18.0,7.0,0.0,3.0,1.0,0.0,0.0,0.0,10.0,0.0,3.0,25.0,1.0,0.0,13.0,4.0,23.0,6.0,외,8000,LT,29,0.3780487804878049,0.4927536231884058,0.8708024036762108
김종민,217.0,180.0,20.0,17.0,44.0,3.0,0.0,0.0,0.0,0.0,10.0,3.0,21.0,0.0,3.0,32.0,3.0,6.0,38.0,10.833333334,52.0,18.0,포,3800,KT,30,0.3285024154589372,0.2611111111111111,0.5896135265700484
박동원,454.0,411.0,70.0,44.0,102.0,25.0,1.0,14.0,3.0,1.0,6.0,3.0,27.0,0.0,7.0,93.0,18.0,7.0,71.0,24.333333333,132.0,33.0,포,14000,WO,26,0.30357142857142855,0.41605839416058393,0.7196298227320125
김상수,401.0,358.0,38.0,56.0,97.0,13.0,0.0,3.0,6.0,4.0,8.0,4.0,23.0,0.0,8.0,39.0,9.0,15.0,77.0,18.416666666,110.0,26.0,내,31000,SS,26,0.3256997455470738,0.3324022346368715,0.6581019801839454
오정복,344.0,306.0,36.0,45.0,93.0,11.0,2.0,5.0,1.0,0.0,6.0,4.0,28.0,1.0,0.0,32.0,5.0,3.0,58.0,18.5,80.0,25.0,외,8000,KT,30,0.35798816568047337,0.4019607843137255,0.7599489499941989
이지영,419.0,390.0,50.0,36.0,116.0,12.0,0.0,7.0,3.0,2.0,8.0,2.0,12.0,0.0,7.0,32.0,13.0,10.0,88.0,26.533333332,123.0,42.0,포,21000,SS,30,0.3284671532846715,0.382051282051282,0.7105184353359535
배영섭,381.0,323.0,22.0,53.0,86.0,17.0,0.0,4.0,5.0,8.0,1.0,1.0,51.0,0.0,5.0,42.0,10.0,0.0,88.0,8.916666666000001,74.0,14.0,외,16000,SS,30,0.3736842105263158,0.3560371517027864,0.7297213622291021
안치홍,43.0,36.0,1.0,3.0,8.0,2.0,0.0,0.0,0.0,0.0,1.0,1.0,5.0,0.0,0.0,8.0,2.0,0.0,7.0,0.0,7.0,0.0,내,22000,HT,26,0.30952380952380953,0.2777777777777778,0.5873015873015873
김회성,58.0,45.0,8.0,12.0,9.0,0.0,0.0,1.0,0.0,0.0,0.0,2.0,9.0,0.0,2.0,17.0,1.0,1.0,5.0,1.5,11.0,2.0,내,5500,HH,31,0.3448275862068966,0.26666666666666666,0.6114942528735632
이호준,472.0,399.0,87.0,46.0,119.0,20.0,0.0,21.0,3.0,2.0,2.0,4.0,65.0,6.0,2.0,78.0,11.0,0.0,67.0,26.000000001,117.0,40.0,내,75000,NC,40,0.39574468085106385,0.506265664160401,0.9020103450114648
권용관,49.0,44.0,3.0,7.0,11.0,2.0,1.0,0.0,0.0,0.0,1.0,0.0,2.0,0.0,2.0,12.0,2.0,1.0,13.0,2.0,11.0,2.0,내,8000,HH,40,0.3125,0.3409090909090909,0.6534090909090908
이승엽,623.0,542.0,118.0,91.0,164.0,32.0,2.0,27.0,5.0,2.0,0.0,8.0,65.0,1.0,8.0,89.0,7.0,0.0,109.0,38.583333332,176.0,58.0,내,100000,SS,40,0.38041733547351525,0.518450184501845,0.8988675199753602
이병규,1.0,1.0,0.0,0.0,1.0,0.0,0.0,0.0,0.0,0.0,0.0,0.0,0.0,0.0,0.0,0.0,0.0,0.0,1.0,1.0,1.0,1.0,외,80000,LG,42,1.0,1.0,2.0
조인성,146.0,137.0,7.0,10.0,23.0,2.0,0.0,3.0,0.0,0.0,6.0,0.0,2.0,0.0,1.0,38.0,2.0,4.0,15.0,2.166666666,41.0,4.0,포,40000,HH,41,0.18571428571428572,0.24817518248175183,0.4338894681960376
홍성흔,45.0,40.0,5.0,4.0,10.0,2.0,0.0,0.0,0.0,1.0,0.0,0.0,5.0,0.0,0.0,9.0,3.0,0.0,6.0,3.0,11.0,3.0,내,40000,OB,39,0.3333333333333333,0.3,0.6333333333333333
정성훈,418.0,370.0,64.0,58.0,119.0,22.0,1.0,6.0,8.0,4.0,5.0,5.0,33.0,1.0,5.0,59.0,9.0,4.0,85.0,26.999999999,112.0,36.0,내,50000,LG,36,0.3801452784503632,0.43513513513513513,0.8152804135854983
이진영,424.0,371.0,72.0,49.0,123.0,23.0,1.0,10.0,2.0,5.0,0.0,5.0,45.0,1.0,3.0,44.0,13.0,0.0,85.0,28.2,117.0,39.0,외,60000,KT,36,0.4033018867924528,0.4797843665768194,0.8830862533692723
