Name,PA,AB,RBI,RUN,HIT,H2,H3,HR,SB,CS,SH,SF,BB,IB,HP,KK,GD,ERR,LOB,P_HRA_RT,P_AB_CN,P_HIT_CN,Position,Money_18,Team,OBP,SLG,OPS
백창수,169.0,152.0,18.0,21.0,37.0,15.0,1.0,3.0,0.0,0.0,0.0,1.0,12.0,0.0,4.0,36.0,5.0,4.0,24.0,6.833333333,40.0,10.0,외,5000,HH,0.3136094674556213,0.4144736842105263,0.7280831516661477
김창혁,10.0,10.0,0.0,1.0,2.0,1.0,0.0,0.0,0.0,0.0,0.0,0.0,0.0,0.0,0.0,3.0,0.0,1.0,1.0,0.0,2.0,0.0,포,2700,HH,0.2,0.3,0.5
김응민,1.0,1.0,0.0,0.0,0.0,0.0,0.0,0.0,0.0,0.0,0.0,0.0,0.0,0.0,0.0,0.0,0.0,0.0,0.0,0.0,0.0,0.0,포,3000,SS,0.0,0.0,0.0
이해창,174.0,162.0,24.0,19.0,35.0,4.0,0.0,8.0,0.0,3.0,1.0,0.0,8.0,0.0,3.0,49.0,3.0,2.0,22.0,7.666666667,49.0,12.0,포,7100,KT,0.2658959537572254,0.3888888888888889,0.6547848426461143
백상원,8.0,6.0,2.0,1.0,3.0,0.0,0.0,0.0,0.0,0.0,0.0,0.0,2.0,0.0,0.0,0.0,0.0,0.0,3.0,2.0,2.0,2.0,내,6000,SS,0.625,0.5,1.125
정훈,194.0,174.0,26.0,33.0,53.0,10.0,1.0,7.0,4.0,2.0,0.0,3.0,16.0,1.0,1.0,39.0,4.0,2.0,40.0,9.666666666,48.0,13.0,내,10000,LT,0.36082474226804123,0.4942528735632184,0.8550776158312596
오태곤,374.0,342.0,39.0,55.0,87.0,17.0,2.0,12.0,13.0,8.0,3.0,1.0,24.0,0.0,4.0,92.0,7.0,2.0,65.0,13.833333333,89.0,22.0,내,8300,KT,0.30997304582210244,0.42105263157894735,0.7310256774010497
이상호,204.0,187.0,8.0,32.0,47.0,2.0,0.0,0.0,13.0,5.0,7.0,0.0,8.0,0.0,2.0,15.0,8.0,2.0,49.0,5.333333333000001,35.0,7.0,내,8000,NC,0.2893401015228426,0.2620320855614973,0.55137218708434
홍재호,87.0,76.0,9.0,16.0,20.0,6.0,0.0,1.0,0.0,0.0,3.0,0.0,8.0,0.0,0.0,12.0,2.0,4.0,24.0,3.0,17.0,4.0,내,3500,HT,0.3333333333333333,0.3815789473684211,0.7149122807017544
이인행,1.0,1.0,0.0,1.0,0.0,0.0,0.0,0.0,0.0,0.0,0.0,0.0,0.0,0.0,0.0,0.0,0.0,0.0,0.0,0.0,0.0,0.0,외,3200,HT,0.0,0.0,0.0
최윤석,2.0,0.0,0.0,1.0,0.0,0.0,0.0,0.0,0.0,0.0,0.0,0.0,2.0,0.0,0.0,0.0,0.0,0.0,1.0,0.0,0.0,0.0,내,4800,HH,1.0,,
유강남,465.0,425.0,66.0,53.0,126.0,33.0,0.0,19.0,0.0,0.0,2.0,1.0,28.0,1.0,9.0,80.0,21.0,7.0,81.0,23.666666666,117.0,33.0,포,18500,LG,0.35205183585313177,0.508235294117647,0.8602871299707788
정병곤,16.0,15.0,2.0,1.0,1.0,0.0,0.0,0.0,0.0,0.0,0.0,1.0,0.0,0.0,0.0,5.0,1.0,0.0,0.0,0.5,2.0,1.0,내,4500,SS,0.0625,0.06666666666666667,0.12916666666666665
김재율,41.0,36.0,3.0,5.0,8.0,3.0,0.0,0.0,0.0,0.0,0.0,0.0,3.0,0.0,2.0,9.0,1.0,0.0,7.0,2.0,5.0,2.0,내,6800,LG,0.3170731707317073,0.3055555555555556,0.622628726287263
이천웅,405.0,359.0,39.0,61.0,122.0,22.0,3.0,2.0,10.0,10.0,2.0,2.0,39.0,2.0,3.0,48.0,11.0,1.0,76.0,21.833333332,91.0,29.0,외,8000,LG,0.40694789081885857,0.43454038997214484,0.8414882807910034
최영진,140.0,126.0,18.0,13.0,37.0,7.0,0.0,4.0,2.0,4.0,2.0,2.0,10.0,0.0,0.0,30.0,6.0,3.0,29.0,5.333333333000001,38.0,8.0,내,3300,SS,0.34057971014492755,0.4444444444444444,0.7850241545893719
김동한,96.0,83.0,9.0,11.0,16.0,1.0,0.0,2.0,3.0,1.0,2.0,2.0,9.0,0.0,0.0,18.0,1.0,3.0,19.0,1.833333333,18.0,3.0,내,6300,LT,0.26595744680851063,0.27710843373493976,0.5430658805434504
정진호,299.0,269.0,37.0,53.0,81.0,12.0,1.0,2.0,8.0,1.0,9.0,1.0,19.0,0.0,1.0,44.0,8.0,0.0,54.0,18.666666666,78.0,24.0,외,8500,OB,0.3482758620689655,0.3754646840148699,0.7237405460838353
고종욱,351.0,330.0,54.0,47.0,92.0,22.0,0.0,6.0,17.0,4.0,1.0,4.0,15.0,1.0,1.0,96.0,2.0,3.0,68.0,18.166666665,93.0,29.0,외,11000,WO,0.30857142857142855,0.4,0.7085714285714286
홍성갑,8.0,8.0,0.0,1.0,0.0,0.0,0.0,0.0,0.0,0.0,0.0,0.0,0.0,0.0,0.0,3.0,1.0,0.0,2.0,0.0,3.0,0.0,외,3000,WO,0.0,0.0,0.0
김헌곤,586.0,513.0,71.0,77.0,154.0,26.0,2.0,11.0,22.0,9.0,5.0,4.0,54.0,1.0,10.0,70.0,13.0,0.0,131.0,28.649999998999995,141.0,45.0,외,8500,SS,0.37521514629948366,0.42300194931773877,0.7982170956172224
김민하,108.0,97.0,17.0,13.0,21.0,4.0,0.0,3.0,5.0,5.0,2.0,1.0,5.0,0.0,3.0,30.0,6.0,0.0,24.0,5.5,26.0,8.0,외,3200,HH,0.27358490566037735,0.35051546391752575,0.624100369577903
허일,15.0,14.0,0.0,1.0,5.0,0.0,0.0,0.0,0.0,0.0,0.0,0.0,1.0,0.0,0.0,2.0,0.0,0.0,2.0,0.0,2.0,0.0,외,2700,LT,0.4,0.35714285714285715,0.7571428571428571
김사훈,79.0,74.0,6.0,7.0,17.0,3.0,0.0,0.0,0.0,0.0,3.0,0.0,1.0,0.0,1.0,22.0,0.0,2.0,14.0,5.0,22.0,5.0,포,4000,LT,0.25,0.2702702702702703,0.5202702702702703
윤정우,43.0,40.0,2.0,6.0,10.0,2.0,0.0,1.0,2.0,1.0,0.0,0.0,2.0,0.0,1.0,7.0,4.0,1.0,9.0,0.5,11.0,1.0,외,3000,SK,0.3023255813953488,0.375,0.6773255813953488
강경학,289.0,245.0,27.0,42.0,68.0,11.0,1.0,5.0,6.0,3.0,1.0,1.0,38.0,0.0,4.0,59.0,7.0,2.0,60.0,10.75,71.0,18.0,내,5800,HH,0.3819444444444444,0.39183673469387753,0.773781179138322
오준혁,50.0,44.0,2.0,6.0,6.0,0.0,0.0,0.0,1.0,1.0,1.0,1.0,3.0,0.0,1.0,11.0,1.0,1.0,7.0,1.0,8.0,1.0,외,4000,KT,0.20408163265306123,0.13636363636363635,0.3404452690166976
이윤재,1.0,1.0,0.0,0.0,0.0,0.0,0.0,0.0,0.0,0.0,0.0,0.0,0.0,0.0,0.0,0.0,0.0,0.0,0.0,0.0,0.0,0.0,포,3000,SK,0.0,0.0,0.0
정진기,212.0,201.0,17.0,33.0,49.0,8.0,1.0,3.0,11.0,3.0,3.0,0.0,6.0,0.0,2.0,45.0,2.0,5.0,36.0,8.833333333,55.0,13.0,외,6200,SK,0.2727272727272727,0.3383084577114428,0.6110357304387155
김지성,0.0,0.0,0.0,0.0,0.0,0.0,0.0,0.0,0.0,0.0,0.0,0.0,0.0,0.0,0.0,0.0,0.0,0.0,0.0,0.0,0.0,0.0,내,4000,HT,,,
윤병호,37.0,33.0,0.0,3.0,6.0,1.0,0.0,0.0,1.0,0.0,1.0,0.0,2.0,0.0,1.0,10.0,0.0,1.0,7.0,0.0,4.0,0.0,외,3500,NC,0.25,0.21212121212121213,0.46212121212121215
이원재,150.0,138.0,19.0,12.0,42.0,10.0,0.0,5.0,0.0,2.0,0.0,2.0,10.0,0.0,0.0,33.0,3.0,2.0,32.0,10.5,36.0,12.0,외,2700,NC,0.3466666666666667,0.4855072463768116,0.8321739130434782
서상우,84.0,69.0,14.0,10.0,20.0,0.0,0.0,2.0,0.0,1.0,0.0,2.0,12.0,0.0,1.0,18.0,1.0,1.0,17.0,5.833333333000001,24.0,8.0,내,3500,LG,0.39285714285714285,0.37681159420289856,0.7696687370600415
류지혁,280.0,228.0,29.0,52.0,61.0,7.0,0.0,1.0,7.0,2.0,11.0,2.0,29.0,0.0,10.0,43.0,3.0,4.0,75.0,11.416666666,64.0,19.0,내,9500,OB,0.37174721189591076,0.31140350877192985,0.6831507206678407
박세혁,194.0,170.0,22.0,37.0,48.0,12.0,0.0,3.0,5.0,0.0,3.0,1.0,16.0,0.0,4.0,55.0,0.0,2.0,33.0,8.499999999,58.0,13.0,포,10000,OB,0.35602094240837695,0.40588235294117647,0.7619032953495535
유민상,58.0,48.0,14.0,9.0,13.0,2.0,1.0,3.0,0.0,0.0,0.0,2.0,8.0,0.0,0.0,14.0,3.0,0.0,3.0,5.0,13.0,5.0,내,4500,HT,0.3620689655172414,0.5416666666666666,0.9037356321839081
김재현,234.0,202.0,18.0,22.0,46.0,7.0,0.0,3.0,0.0,0.0,9.0,3.0,12.0,0.0,8.0,58.0,2.0,4.0,43.0,7.0,48.0,8.0,포,5000,WO,0.29333333333333333,0.3069306930693069,0.6002640264026402
박정음,17.0,16.0,1.0,1.0,1.0,0.0,0.0,1.0,0.0,0.0,0.0,0.0,0.0,0.0,1.0,4.0,0.0,0.0,5.0,0.0,5.0,0.0,외,5500,WO,0.11764705882352941,0.25,0.36764705882352944
김규민,336.0,298.0,40.0,47.0,88.0,9.0,2.0,3.0,8.0,4.0,1.0,4.0,27.0,0.0,6.0,89.0,3.0,7.0,67.0,22.666666666,78.0,31.0,외,2900,WO,0.3611940298507463,0.3691275167785235,0.7303215466292698
구자욱,529.0,478.0,84.0,100.0,159.0,26.0,5.0,20.0,10.0,0.0,1.0,2.0,43.0,2.0,5.0,110.0,4.0,4.0,97.0,30.583333335000003,127.0,48.0,외,25000,SS,0.39204545454545453,0.5334728033472803,0.9255182578927348
박찬도,82.0,73.0,5.0,13.0,17.0,4.0,1.0,0.0,3.0,3.0,1.0,0.0,8.0,0.0,0.0,28.0,0.0,0.0,21.0,4.5,19.0,5.0,외,5000,SS,0.30864197530864196,0.3150684931506849,0.6237104684593269
박해민,649.0,576.0,68.0,114.0,172.0,30.0,10.0,9.0,36.0,10.0,8.0,6.0,56.0,0.0,3.0,99.0,9.0,2.0,103.0,24.666666666,109.0,37.0,외,29000,SS,0.36037441497659906,0.4322916666666667,0.7926660816432658
윤수강,79.0,73.0,8.0,8.0,14.0,6.0,0.0,1.0,0.0,0.0,1.0,0.0,5.0,0.0,0.0,21.0,1.0,2.0,9.0,3.0,15.0,4.0,포,2700,NC,0.24358974358974358,0.3150684931506849,0.5586582367404285
신본기,479.0,425.0,71.0,55.0,125.0,28.0,1.0,11.0,1.0,5.0,5.0,5.0,33.0,2.0,11.0,95.0,12.0,20.0,107.0,24.916666666,130.0,39.0,내,9000,LT,0.35654008438818563,0.4423529411764706,0.7988930255646562
하주석,517.0,484.0,52.0,67.0,123.0,20.0,3.0,9.0,14.0,12.0,1.0,0.0,28.0,0.0,4.0,130.0,7.0,18.0,78.0,23.333333333,120.0,32.0,내,12000,HH,0.3003875968992248,0.36363636363636365,0.6640239605355884
양성우,236.0,209.0,13.0,32.0,53.0,9.0,0.0,2.0,1.0,1.0,0.0,1.0,22.0,2.0,4.0,32.0,8.0,1.0,41.0,7.0,52.0,10.0,외,10000,HH,0.3347457627118644,0.3253588516746411,0.6601046143865055
박승욱,79.0,65.0,9.0,11.0,20.0,3.0,0.0,0.0,4.0,1.0,2.0,0.0,10.0,0.0,2.0,16.0,1.0,3.0,30.0,4.5,19.0,6.0,내,4500,SK,0.4155844155844156,0.35384615384615387,0.7694305694305694
김민식,365.0,310.0,37.0,53.0,76.0,9.0,3.0,6.0,5.0,2.0,11.0,2.0,39.0,0.0,3.0,63.0,8.0,4.0,68.0,12.833333333,68.0,16.0,포,15000,HT,0.3333333333333333,0.35161290322580646,0.6849462365591398
최항,257.0,222.0,35.0,38.0,65.0,12.0,1.0,7.0,2.0,2.0,2.0,0.0,25.0,0.0,8.0,57.0,1.0,10.0,55.0,12.666666666,60.0,19.0,내,4200,SK,0.3843137254901961,0.45045045045045046,0.8347641759406466
최정민,95.0,83.0,6.0,17.0,21.0,2.0,0.0,2.0,1.0,3.0,4.0,0.0,7.0,0.0,1.0,20.0,2.0,3.0,24.0,3.0,18.0,3.0,내,5500,HT,0.31868131868131866,0.3493975903614458,0.6680789090427645
한동민,562.0,486.0,115.0,97.0,138.0,31.0,0.0,41.0,4.0,2.0,0.0,8.0,52.0,3.0,16.0,124.0,10.0,1.0,83.0,26.166666666,126.0,36.0,외,15000,SK,0.3665480427046263,0.6008230452674898,0.967371087972116
박민우,460.0,411.0,33.0,68.0,133.0,22.0,5.0,5.0,17.0,5.0,3.0,4.0,32.0,3.0,10.0,51.0,4.0,8.0,94.0,17.666666667,69.0,25.0,내,32000,NC,0.38293216630196936,0.43795620437956206,0.8208883706815314
황윤호,62.0,57.0,4.0,11.0,9.0,1.0,0.0,0.0,2.0,2.0,2.0,0.0,0.0,0.0,3.0,6.0,2.0,3.0,26.0,5.0,18.0,5.0,내,3100,HT,0.2,0.17543859649122806,0.37543859649122807
강구성,5.0,5.0,1.0,0.0,1.0,1.0,0.0,0.0,0.0,0.0,0.0,0.0,0.0,0.0,0.0,3.0,0.0,0.0,1.0,0.0,2.0,0.0,외,2700,NC,0.2,0.4,0.6000000000000001
박헌욱,23.0,22.0,3.0,1.0,6.0,2.0,0.0,1.0,1.0,0.0,0.0,0.0,1.0,0.0,0.0,5.0,1.0,1.0,7.0,2.0,3.0,2.0,외,2700,NC,0.30434782608695654,0.5,0.8043478260869565
강진성,75.0,68.0,1.0,5.0,16.0,3.0,0.0,0.0,0.0,0.0,2.0,1.0,4.0,0.0,0.0,17.0,3.0,0.0,17.0,1.0,13.0,1.0,내,3000,NC,0.273972602739726,0.27941176470588236,0.5533843674456084
노진혁,458.0,420.0,42.0,52.0,119.0,21.0,4.0,11.0,4.0,3.0,1.0,2.0,33.0,0.0,2.0,92.0,8.0,15.0,82.0,17.333333333,81.0,22.0,내,4300,NC,0.33698030634573306,0.430952380952381,0.767932687298114
김성욱,358.0,323.0,45.0,49.0,84.0,13.0,2.0,13.0,11.0,2.0,2.0,3.0,29.0,0.0,1.0,64.0,10.0,0.0,69.0,13.333333332,82.0,19.0,외,10500,NC,0.3202247191011236,0.43343653250773995,0.7536612516088635
나성범,620.0,556.0,91.0,110.0,177.0,36.0,3.0,23.0,15.0,2.0,0.0,5.0,44.0,4.0,15.0,131.0,11.0,3.0,119.0,28.833333333,135.0,43.0,외,43000,NC,0.38064516129032255,0.5179856115107914,0.8986307728011139
김진곤,23.0,21.0,0.0,4.0,3.0,1.0,0.0,0.0,0.0,2.0,0.0,0.0,2.0,0.0,0.0,3.0,0.0,0.0,3.0,0.0,7.0,0.0,외,3300,KT,0.21739130434782608,0.19047619047619047,0.4078674948240165
강승호,212.0,184.0,31.0,14.0,47.0,10.0,0.0,3.0,1.0,1.0,6.0,1.0,18.0,0.0,3.0,57.0,2.0,11.0,47.0,12.5,56.0,19.0,내,6600,SK,0.3300970873786408,0.358695652173913,0.6887927395525538
장승현,16.0,13.0,1.0,2.0,5.0,0.0,0.0,0.0,0.0,0.0,2.0,0.0,1.0,0.0,0.0,2.0,2.0,0.0,7.0,1.0,3.0,1.0,포,2800,OB,0.42857142857142855,0.38461538461538464,0.8131868131868132
김인태,109.0,95.0,10.0,16.0,25.0,7.0,0.0,1.0,0.0,0.0,1.0,1.0,12.0,0.0,0.0,26.0,0.0,1.0,12.0,4.833333333000001,26.0,7.0,외,3200,OB,0.3425925925925926,0.3684210526315789,0.7110136452241715
이우성,199.0,177.0,24.0,24.0,40.0,9.0,0.0,4.0,1.0,2.0,1.0,1.0,16.0,0.0,4.0,57.0,6.0,5.0,38.0,11.333333333,49.0,16.0,외,2800,NC,0.30303030303030304,0.3446327683615819,0.647663071391885
장시윤,2.0,2.0,0.0,2.0,0.0,0.0,0.0,0.0,0.0,0.0,0.0,0.0,0.0,0.0,0.0,0.0,0.0,0.0,4.0,0.0,0.0,0.0,내,3600,LG,0.0,0.0,0.0
이흥련,7.0,7.0,0.0,0.0,0.0,0.0,0.0,0.0,0.0,0.0,0.0,0.0,0.0,0.0,0.0,1.0,0.0,0.0,1.0,0.0,1.0,0.0,포,7500,OB,0.0,0.0,0.0
김영환,4.0,4.0,0.0,1.0,0.0,0.0,0.0,0.0,0.0,0.0,0.0,0.0,0.0,0.0,0.0,1.0,0.0,0.0,1.0,0.0,0.0,0.0,내,3000,KT,0.0,0.0,0.0
정현,132.0,117.0,9.0,16.0,31.0,7.0,0.0,2.0,3.0,0.0,6.0,0.0,9.0,0.0,0.0,28.0,3.0,8.0,18.0,4.0,27.0,4.0,내,7800,KT,0.31746031746031744,0.37606837606837606,0.6935286935286935
백민기,34.0,27.0,4.0,7.0,6.0,2.0,0.0,1.0,0.0,0.0,0.0,1.0,5.0,0.0,1.0,11.0,1.0,0.0,9.0,0.25,10.0,1.0,외,3000,OB,0.35294117647058826,0.4074074074074074,0.7603485838779956
조홍석,71.0,62.0,1.0,14.0,14.0,1.0,0.0,0.0,0.0,2.0,1.0,0.0,6.0,0.0,2.0,13.0,2.0,0.0,12.0,1.0,10.0,1.0,외,2800,LT,0.3142857142857143,0.24193548387096775,0.556221198156682
노수광,588.0,515.0,53.0,93.0,161.0,21.0,8.0,8.0,25.0,4.0,9.0,3.0,48.0,0.0,13.0,86.0,3.0,2.0,122.0,27.166666666,117.0,37.0,외,13000,SK,0.38341968911917096,0.43106796116504853,0.8144876502842195
한승택,101.0,89.0,15.0,10.0,22.0,6.0,0.0,3.0,0.0,0.0,3.0,0.0,7.0,0.0,2.0,24.0,4.0,1.0,14.0,5.5,25.0,7.0,포,7500,HT,0.3163265306122449,0.4157303370786517,0.7320568676908966
윤대영,23.0,23.0,3.0,0.0,5.0,1.0,0.0,0.0,0.0,0.0,0.0,0.0,0.0,0.0,0.0,9.0,0.0,0.0,4.0,2.0,6.0,3.0,내,2900,LG,0.21739130434782608,0.2608695652173913,0.4782608695652174
권희동,391.0,343.0,57.0,43.0,97.0,19.0,1.0,8.0,1.0,3.0,5.0,4.0,35.0,2.0,4.0,58.0,5.0,0.0,74.0,15.25,96.0,24.0,외,13000,NC,0.35233160621761656,0.4139941690962099,0.7663257753138264
심우준,403.0,367.0,29.0,49.0,95.0,23.0,3.0,4.0,11.0,11.0,11.0,1.0,20.0,1.0,4.0,58.0,4.0,13.0,78.0,18.5,77.0,22.0,내,6300,KT,0.30357142857142855,0.37057220708446864,0.6741436356558972
송민섭,29.0,27.0,0.0,7.0,4.0,0.0,0.0,0.0,2.0,1.0,1.0,0.0,1.0,0.0,0.0,8.0,1.0,1.0,19.0,2.0,4.0,2.0,외,3000,KT,0.17857142857142858,0.14814814814814814,0.32671957671957674
안중열,176.0,154.0,18.0,19.0,38.0,11.0,0.0,4.0,0.0,0.0,7.0,0.0,12.0,0.0,3.0,56.0,4.0,5.0,35.0,9.0,44.0,12.0,포,2800,LT,0.3136094674556213,0.3961038961038961,0.7097133635595174
신성현,27.0,24.0,2.0,5.0,4.0,0.0,0.0,1.0,0.0,0.0,0.0,1.0,2.0,0.0,0.0,9.0,1.0,1.0,4.0,0.0,4.0,0.0,내,5700,OB,0.2222222222222222,0.2916666666666667,0.5138888888888888
양원혁,6.0,5.0,0.0,3.0,2.0,0.0,0.0,0.0,0.0,0.0,0.0,0.0,1.0,0.0,0.0,0.0,0.0,1.0,3.0,0.0,0.0,0.0,내,2900,LG,0.5,0.4,0.9
양석환,519.0,483.0,82.0,53.0,127.0,27.0,0.0,22.0,2.0,2.0,1.0,5.0,24.0,0.0,6.0,81.0,9.0,14.0,84.0,29.666666667,142.0,44.0,내,16000,LG,0.3030888030888031,0.4554865424430642,0.7585753455318673
배정대,5.0,5.0,0.0,1.0,1.0,0.0,0.0,0.0,0.0,0.0,0.0,0.0,0.0,0.0,0.0,2.0,0.0,0.0,4.0,0.0,0.0,0.0,외,3800,KT,0.2,0.2,0.4
이성곤,19.0,16.0,0.0,1.0,3.0,0.0,0.0,0.0,0.0,0.0,0.0,0.0,3.0,0.0,0.0,7.0,1.0,0.0,4.0,0.0,4.0,0.0,외,3000,SS,0.3157894736842105,0.1875,0.5032894736842105
김하성,576.0,511.0,84.0,95.0,147.0,27.0,4.0,20.0,8.0,2.0,1.0,5.0,54.0,2.0,5.0,81.0,16.0,13.0,97.0,24.666666664999997,163.0,39.0,내,32000,WO,0.3582608695652174,0.4735812133072407,0.8318420828724581
임병욱,447.0,423.0,60.0,76.0,124.0,29.0,3.0,13.0,16.0,3.0,0.0,2.0,22.0,1.0,0.0,119.0,6.0,5.0,79.0,23.999999999000003,119.0,36.0,외,5000,WO,0.32662192393736017,0.46808510638297873,0.794707030320339
김호재,7.0,6.0,0.0,1.0,1.0,0.0,0.0,0.0,0.0,0.0,1.0,0.0,0.0,0.0,0.0,2.0,0.0,2.0,0.0,0.0,3.0,0.0,내,2800,SS,0.16666666666666666,0.16666666666666666,0.3333333333333333
백승민,32.0,31.0,5.0,3.0,8.0,2.0,0.0,0.0,0.0,0.0,0.0,0.0,1.0,0.0,0.0,9.0,1.0,1.0,5.0,1.5,11.0,2.0,내,2700,SS,0.28125,0.3225806451612903,0.6038306451612903
송준석,3.0,3.0,0.0,1.0,1.0,0.0,0.0,0.0,0.0,0.0,0.0,0.0,0.0,0.0,0.0,1.0,0.0,0.0,1.0,0.0,0.0,0.0,외,2700,SS,0.3333333333333333,0.3333333333333333,0.6666666666666666
김재현,1.0,1.0,0.0,0.0,0.0,0.0,0.0,0.0,0.0,0.0,0.0,0.0,0.0,0.0,0.0,1.0,0.0,0.0,1.0,0.0,0.0,0.0,내,7000,SS,0.0,0.0,0.0
오윤석,13.0,12.0,0.0,3.0,2.0,0.0,0.0,0.0,0.0,0.0,0.0,0.0,1.0,0.0,0.0,5.0,1.0,0.0,4.0,1.0,4.0,1.0,내,3100,LT,0.23076923076923078,0.16666666666666666,0.39743589743589747
이창진,30.0,29.0,0.0,5.0,5.0,1.0,0.0,0.0,0.0,1.0,0.0,0.0,0.0,0.0,1.0,3.0,2.0,0.0,10.0,0.0,5.0,0.0,내,3100,HT,0.2,0.20689655172413793,0.40689655172413797
강한울,209.0,193.0,8.0,20.0,50.0,5.0,2.0,0.0,3.0,4.0,3.0,0.0,12.0,0.0,1.0,34.0,1.0,4.0,52.0,6.0,47.0,8.0,내,15500,SS,0.3058252427184466,0.30569948186528495,0.6115247245837315
박준태,150.0,123.0,24.0,32.0,28.0,5.0,1.0,5.0,0.0,2.0,5.0,0.0,13.0,0.0,9.0,37.0,1.0,2.0,37.0,9.5,33.0,12.0,외,3800,HT,0.3448275862068966,0.4065040650406504,0.751331651247547
지성준,224.0,207.0,29.0,22.0,57.0,7.0,0.0,7.0,1.0,0.0,2.0,1.0,12.0,0.0,2.0,55.0,6.0,3.0,40.0,13.0,55.0,17.0,포,2800,HH,0.31981981981981983,0.4106280193236715,0.7304478391434913
박준혁,5.0,5.0,0.0,0.0,1.0,1.0,0.0,0.0,0.0,0.0,0.0,0.0,0.0,0.0,0.0,2.0,0.0,0.0,1.0,0.0,0.0,0.0,외,3000,HH,0.2,0.4,0.6000000000000001
김민수,6.0,6.0,0.0,0.0,1.0,0.0,0.0,0.0,0.0,0.0,0.0,0.0,0.0,0.0,0.0,2.0,1.0,0.0,1.0,0.0,3.0,0.0,포,3300,SS,0.16666666666666666,0.16666666666666666,0.3333333333333333
조용호,14.0,13.0,0.0,4.0,1.0,0.0,0.0,0.0,0.0,1.0,1.0,0.0,0.0,0.0,0.0,5.0,0.0,0.0,5.0,0.0,1.0,0.0,외,6200,SK,0.07692307692307693,0.07692307692307693,0.15384615384615385
강민국,4.0,4.0,0.0,0.0,1.0,0.0,0.0,0.0,0.0,0.0,0.0,0.0,0.0,0.0,0.0,0.0,0.0,0.0,2.0,0.0,0.0,0.0,내,2700,NC,0.25,0.25,0.5
박광열,30.0,25.0,1.0,3.0,4.0,0.0,0.0,0.0,0.0,0.0,1.0,0.0,4.0,0.0,0.0,9.0,0.0,1.0,4.0,1.0,6.0,1.0,포,3600,NC,0.27586206896551724,0.16,0.43586206896551727
김태진,35.0,31.0,3.0,5.0,11.0,0.0,0.0,1.0,1.0,2.0,1.0,0.0,3.0,0.0,0.0,5.0,0.0,3.0,6.0,2.0,2.0,2.0,내,3000,NC,0.4117647058823529,0.45161290322580644,0.8633776091081593
백승현,8.0,8.0,1.0,1.0,2.0,0.0,0.0,0.0,0.0,0.0,0.0,0.0,0.0,0.0,0.0,3.0,0.0,0.0,1.0,1.0,1.0,1.0,내,3000,LG,0.25,0.25,0.5
안익훈,135.0,123.0,10.0,13.0,27.0,4.0,0.0,0.0,0.0,1.0,2.0,1.0,8.0,0.0,1.0,12.0,4.0,0.0,33.0,5.0,35.0,7.0,외,9000,LG,0.2706766917293233,0.25203252032520324,0.5227092120545265
박지규,53.0,47.0,5.0,6.0,8.0,2.0,0.0,1.0,2.0,0.0,2.0,1.0,3.0,0.0,0.0,17.0,2.0,2.0,13.0,1.5,11.0,2.0,내,5000,LG,0.21568627450980393,0.2765957446808511,0.492282019190655
김민혁,58.0,53.0,10.0,7.0,12.0,2.0,0.0,2.0,0.0,0.0,0.0,0.0,5.0,0.0,0.0,19.0,3.0,0.0,7.0,4.0,13.0,6.0,내,3000,OB,0.29310344827586204,0.37735849056603776,0.6704619388418998
송성문,238.0,211.0,45.0,35.0,66.0,19.0,0.0,7.0,2.0,4.0,2.0,1.0,24.0,0.0,0.0,49.0,2.0,5.0,54.0,16.666666666,63.0,24.0,내,3500,WO,0.3813559322033898,0.5023696682464455,0.8837256004498353
허정협,24.0,24.0,2.0,4.0,6.0,2.0,0.0,0.0,0.0,0.0,0.0,0.0,0.0,0.0,0.0,7.0,1.0,0.0,7.0,1.5,7.0,2.0,외,4500,WO,0.25,0.3333333333333333,0.5833333333333333
권정웅,8.0,8.0,0.0,0.0,0.0,0.0,0.0,0.0,0.0,0.0,0.0,0.0,0.0,0.0,0.0,0.0,0.0,0.0,0.0,0.0,2.0,0.0,포,4500,SS,0.0,0.0,0.0
전병우,77.0,66.0,13.0,18.0,24.0,7.0,0.0,3.0,3.0,0.0,0.0,1.0,9.0,0.0,1.0,24.0,1.0,1.0,14.0,7.5,13.0,9.0,내,2700,LT,0.44155844155844154,0.6060606060606061,1.0476190476190477
이도윤,1.0,1.0,0.0,1.0,0.0,0.0,0.0,0.0,0.0,0.0,0.0,0.0,0.0,0.0,0.0,0.0,0.0,0.0,0.0,0.0,0.0,0.0,내,2700,HH,0.0,0.0,0.0
남태혁,11.0,11.0,0.0,0.0,2.0,0.0,0.0,0.0,0.0,0.0,0.0,0.0,0.0,0.0,0.0,3.0,0.0,0.0,2.0,0.0,2.0,0.0,내,3300,KT,0.18181818181818182,0.18181818181818182,0.36363636363636365
홍창기,25.0,18.0,0.0,1.0,3.0,2.0,0.0,0.0,0.0,1.0,0.0,0.0,7.0,0.0,0.0,8.0,0.0,0.0,8.0,0.0,3.0,0.0,외,3000,LG,0.4,0.2777777777777778,0.6777777777777778
김기연,0.0,0.0,0.0,0.0,0.0,0.0,0.0,0.0,0.0,0.0,0.0,0.0,0.0,0.0,0.0,0.0,0.0,0.0,0.0,0.0,0.0,0.0,포,2700,LG,,,
황경태,13.0,13.0,0.0,9.0,3.0,2.0,0.0,0.0,0.0,1.0,0.0,0.0,0.0,0.0,0.0,3.0,0.0,1.0,6.0,0.0,2.0,0.0,내,2800,OB,0.23076923076923078,0.38461538461538464,0.6153846153846154
조수행,198.0,183.0,17.0,35.0,51.0,6.0,4.0,1.0,9.0,0.0,5.0,1.0,9.0,0.0,0.0,33.0,4.0,1.0,41.0,11.0,44.0,14.0,외,4500,OB,0.31088082901554404,0.37158469945355194,0.6824655284690959
주효상,126.0,110.0,12.0,9.0,24.0,3.0,0.0,1.0,1.0,2.0,4.0,0.0,10.0,0.0,2.0,36.0,2.0,2.0,20.0,6.333333333000001,33.0,7.0,포,3500,WO,0.29508196721311475,0.2727272727272727,0.5678092399403875
김종덕,2.0,2.0,0.0,0.0,1.0,0.0,0.0,0.0,0.0,0.0,0.0,0.0,0.0,0.0,0.0,0.0,0.0,0.0,0.0,0.0,1.0,0.0,포,2700,WO,0.5,0.5,1.0
안주형,8.0,8.0,1.0,2.0,2.0,0.0,0.0,0.0,0.0,0.0,0.0,0.0,0.0,0.0,0.0,3.0,0.0,1.0,8.0,1.0,4.0,1.0,내,3100,SS,0.25,0.25,0.5
김성훈,212.0,185.0,24.0,24.0,45.0,9.0,3.0,0.0,12.0,6.0,3.0,2.0,16.0,0.0,6.0,23.0,2.0,4.0,62.0,8.633333333,60.0,17.0,내,4700,SS,0.32057416267942584,0.32432432432432434,0.6448984870037502
나경민,71.0,57.0,1.0,23.0,15.0,2.0,0.0,0.0,12.0,4.0,1.0,0.0,10.0,0.0,3.0,21.0,0.0,0.0,35.0,2.5,16.0,3.0,외,5800,LT,0.4,0.2982456140350877,0.6982456140350877
최원준,331.0,302.0,32.0,46.0,82.0,14.0,1.0,4.0,10.0,4.0,4.0,1.0,20.0,0.0,4.0,58.0,4.0,14.0,67.0,12.916666666,81.0,19.0,내,7500,HT,0.3241590214067278,0.36423841059602646,0.6883974320027543
류승현,85.0,75.0,13.0,9.0,23.0,3.0,1.0,1.0,0.0,0.0,1.0,1.0,7.0,0.0,1.0,12.0,2.0,4.0,17.0,5.333333333,19.0,7.0,내,2900,HT,0.36904761904761907,0.41333333333333333,0.7823809523809524
신범수,26.0,25.0,4.0,0.0,4.0,2.0,1.0,0.0,0.0,0.0,0.0,1.0,0.0,0.0,0.0,7.0,1.0,0.0,5.0,0.333333333,5.0,1.0,포,2900,HT,0.15384615384615385,0.32,0.47384615384615386
이동훈,50.0,46.0,2.0,6.0,11.0,1.0,0.0,1.0,0.0,1.0,0.0,0.0,3.0,0.0,1.0,8.0,1.0,0.0,17.0,2.0,6.0,2.0,외,3300,HH,0.3,0.32608695652173914,0.6260869565217391
김태연,30.0,26.0,2.0,7.0,5.0,1.0,0.0,0.0,0.0,1.0,1.0,0.0,3.0,0.0,0.0,8.0,0.0,2.0,11.0,0.5,8.0,1.0,내,3000,HH,0.27586206896551724,0.23076923076923078,0.506631299734748
장진혁,48.0,42.0,2.0,9.0,9.0,4.0,1.0,0.0,1.0,2.0,0.0,0.0,4.0,0.0,2.0,11.0,0.0,0.0,16.0,2.0,10.0,2.0,외,2800,HH,0.3125,0.35714285714285715,0.6696428571428572
강상원,7.0,6.0,0.0,0.0,0.0,0.0,0.0,0.0,1.0,0.0,0.0,0.0,1.0,0.0,0.0,2.0,0.0,0.0,2.0,0.0,1.0,0.0,외,3000,HH,0.14285714285714285,0.0,0.14285714285714285
김인환,6.0,6.0,0.0,0.0,0.0,0.0,0.0,0.0,0.0,0.0,0.0,0.0,0.0,0.0,0.0,2.0,0.0,0.0,0.0,0.0,0.0,0.0,내,2800,HH,0.0,0.0,0.0
정경운,16.0,15.0,2.0,1.0,1.0,0.0,0.0,0.0,0.0,0.0,0.0,1.0,0.0,0.0,0.0,7.0,1.0,0.0,4.0,1.0,9.0,1.0,내,3300,HH,0.0625,0.06666666666666667,0.12916666666666665
김동엽,446.0,421.0,76.0,58.0,106.0,15.0,0.0,27.0,11.0,2.0,1.0,3.0,17.0,0.0,4.0,108.0,13.0,3.0,69.0,19.499999999000003,97.0,32.0,외,11500,SK,0.2853932584269663,0.47980997624703087,0.7652032346739972
안상현,2.0,2.0,0.0,1.0,1.0,0.0,0.0,0.0,0.0,0.0,0.0,0.0,0.0,0.0,0.0,0.0,0.0,0.0,0.0,1.0,1.0,1.0,내,2700,SK,0.5,0.5,1.0
김찬형,160.0,142.0,9.0,24.0,33.0,5.0,0.0,1.0,4.0,1.0,1.0,1.0,8.0,0.0,8.0,28.0,1.0,5.0,32.0,4.5,30.0,5.0,내,2700,NC,0.3081761006289308,0.2887323943661972,0.596908494995128
도태훈,42.0,35.0,5.0,5.0,8.0,0.0,0.0,1.0,0.0,0.0,0.0,0.0,5.0,0.0,2.0,5.0,0.0,1.0,11.0,2.5,8.0,3.0,내,3000,NC,0.35714285714285715,0.3142857142857143,0.6714285714285715
이재율,45.0,41.0,1.0,8.0,7.0,1.0,1.0,0.0,3.0,1.0,0.0,0.0,2.0,0.0,2.0,10.0,0.0,0.0,12.0,1.0,7.0,1.0,외,3200,NC,0.24444444444444444,0.24390243902439024,0.4883468834688347
조원빈,1.0,1.0,0.0,0.0,0.0,0.0,0.0,0.0,0.0,0.0,0.0,0.0,0.0,0.0,0.0,0.0,0.0,0.0,0.0,0.0,1.0,0.0,내,2700,NC,0.0,0.0,0.0
홍현빈,15.0,13.0,1.0,2.0,3.0,0.0,0.0,0.0,1.0,0.0,0.0,0.0,2.0,0.0,0.0,5.0,0.0,0.0,7.0,0.0,1.0,0.0,외,2900,KT,0.3333333333333333,0.23076923076923078,0.5641025641025641
로하스,645.0,564.0,114.0,114.0,172.0,30.0,1.0,43.0,18.0,13.0,1.0,2.0,71.0,4.0,7.0,142.0,10.0,3.0,116.0,30.5,143.0,46.0,외,800000,KT,0.38819875776397517,0.5904255319148937,0.9786242896788688
이병휘,24.0,22.0,2.0,5.0,6.0,1.0,0.0,0.0,1.0,1.0,0.0,0.0,1.0,0.0,1.0,6.0,1.0,0.0,10.0,3.0,12.0,3.0,내,2700,OB,0.3333333333333333,0.3181818181818182,0.6515151515151515
김혜성,473.0,430.0,45.0,79.0,116.0,15.0,6.0,5.0,31.0,6.0,3.0,2.0,33.0,1.0,5.0,119.0,6.0,16.0,80.0,26.916666666,117.0,39.0,내,2900,WO,0.3276595744680851,0.3674418604651163,0.6951014349332014
이정후,520.0,459.0,57.0,81.0,163.0,34.0,2.0,6.0,11.0,4.0,3.0,8.0,42.0,3.0,8.0,58.0,5.0,5.0,111.0,27.7,100.0,37.0,외,11000,WO,0.4119922630560928,0.477124183006536,0.8891164460626289
초이스,397.0,349.0,61.0,55.0,90.0,19.0,0.0,17.0,2.0,1.0,0.0,5.0,33.0,2.0,10.0,79.0,4.0,2.0,74.0,16.166666666,91.0,22.0,외,600000,WO,0.3350125944584383,0.4584527220630373,0.7934653165214756
김성윤,2.0,2.0,0.0,0.0,0.0,0.0,0.0,0.0,0.0,0.0,0.0,0.0,0.0,0.0,0.0,1.0,0.0,0.0,0.0,0.0,1.0,0.0,외,3000,SS,0.0,0.0,0.0
러프,597.0,506.0,125.0,97.0,167.0,32.0,4.0,33.0,5.0,3.0,0.0,8.0,65.0,0.0,18.0,107.0,17.0,6.0,116.0,32.833333333,131.0,48.0,내,1400000,SS,0.4187604690117253,0.6047430830039525,1.0235035520156779
나원탁,24.0,24.0,1.0,0.0,3.0,0.0,0.0,0.0,0.0,0.0,0.0,0.0,0.0,0.0,0.0,10.0,0.0,2.0,2.0,1.0,5.0,1.0,포,2800,LT,0.125,0.125,0.25
나종덕,203.0,177.0,11.0,15.0,22.0,3.0,0.0,2.0,0.0,0.0,9.0,0.0,12.0,0.0,5.0,85.0,2.0,4.0,25.0,3.5,40.0,4.0,포,2800,LT,0.20103092783505155,0.1751412429378531,0.37617217077290466
번즈,505.0,462.0,64.0,80.0,124.0,34.0,5.0,23.0,5.0,2.0,1.0,0.0,33.0,2.0,9.0,133.0,8.0,22.0,85.0,20.333333332,135.0,31.0,내,730000,LT,0.32936507936507936,0.512987012987013,0.8423520923520924
김석환,2.0,2.0,0.0,0.0,0.0,0.0,0.0,0.0,0.0,0.0,0.0,0.0,0.0,0.0,0.0,1.0,0.0,0.0,0.0,0.0,0.0,0.0,내,2800,HT,0.0,0.0,0.0
버나디나,590.0,513.0,70.0,106.0,159.0,25.0,3.0,20.0,32.0,13.0,3.0,1.0,63.0,3.0,10.0,103.0,9.0,4.0,95.0,19.833333333,124.0,36.0,외,750000,HT,0.39522998296422485,0.4873294346978557,0.8825594176620806
로맥,616.0,528.0,107.0,102.0,167.0,19.0,0.0,43.0,10.0,5.0,0.0,6.0,72.0,0.0,10.0,123.0,7.0,11.0,122.0,24.166666666,118.0,35.0,내,500000,SK,0.4042207792207792,0.5965909090909091,1.0008116883116882
박성한,59.0,52.0,2.0,3.0,7.0,1.0,0.0,0.0,0.0,0.0,0.0,0.0,7.0,0.0,0.0,16.0,0.0,6.0,19.0,3.0,16.0,3.0,내,2700,SK,0.23728813559322035,0.15384615384615385,0.3911342894393742
스크럭스,571.0,501.0,97.0,75.0,129.0,35.0,0.0,26.0,3.0,2.0,0.0,3.0,55.0,2.0,12.0,144.0,14.0,12.0,95.0,29.999999999,145.0,44.0,내,700000,NC,0.3432574430823117,0.48303393213572854,0.8262913752180403
신진호,25.0,22.0,1.0,1.0,4.0,0.0,0.0,0.0,0.0,0.0,0.0,0.0,3.0,0.0,0.0,10.0,1.0,2.0,3.0,1.0,7.0,1.0,포,2800,NC,0.28,0.18181818181818182,0.46181818181818185
강백호,585.0,527.0,84.0,108.0,153.0,32.0,2.0,29.0,3.0,5.0,0.0,3.0,52.0,0.0,3.0,124.0,4.0,6.0,70.0,20.833333333,107.0,33.0,외,2700,KT,0.35555555555555557,0.523719165085389,0.8792747206409446
고명성,2.0,2.0,0.0,0.0,0.0,0.0,0.0,0.0,0.0,0.0,0.0,0.0,0.0,0.0,0.0,0.0,0.0,0.0,0.0,0.0,0.0,0.0,내,2700,KT,0.0,0.0,0.0
가르시아,206.0,183.0,34.0,27.0,62.0,9.0,0.0,8.0,5.0,0.0,0.0,6.0,9.0,0.0,8.0,25.0,3.0,9.0,33.0,9.333333333,57.0,15.0,내,800000,LG,0.38349514563106796,0.5191256830601093,0.9026208286911772
문성주,3.0,3.0,0.0,1.0,1.0,0.0,0.0,0.0,0.0,0.0,0.0,0.0,0.0,0.0,0.0,1.0,0.0,0.0,0.0,0.0,1.0,0.0,외,2700,LG,0.3333333333333333,0.3333333333333333,0.6666666666666666
전민재,8.0,8.0,3.0,2.0,3.0,1.0,0.0,0.0,0.0,0.0,0.0,0.0,0.0,0.0,0.0,2.0,1.0,0.0,5.0,1.5,4.0,2.0,내,2700,OB,0.375,0.5,0.875
파레디스,71.0,65.0,4.0,7.0,9.0,2.0,1.0,1.0,1.0,0.0,0.0,1.0,4.0,1.0,1.0,17.0,0.0,1.0,9.0,1.0,17.0,1.0,외,700000,OB,0.19718309859154928,0.24615384615384617,0.4433369447453954
반슬라이크,44.0,39.0,4.0,1.0,5.0,1.0,0.0,1.0,0.0,0.0,0.0,1.0,4.0,0.0,0.0,6.0,2.0,2.0,5.0,0.0,10.0,0.0,외,300000,OB,0.20454545454545456,0.23076923076923078,0.4353146853146853
예진원,7.0,7.0,0.0,2.0,1.0,0.0,0.0,0.0,0.0,0.0,0.0,0.0,0.0,0.0,0.0,0.0,0.0,0.0,1.0,0.0,1.0,0.0,외,2700,WO,0.14285714285714285,0.14285714285714285,0.2857142857142857
샌즈,93.0,86.0,37.0,17.0,27.0,1.0,1.0,12.0,0.0,1.0,0.0,1.0,6.0,0.0,0.0,27.0,2.0,0.0,11.0,8.333333332999999,21.0,11.0,외,90000,WO,0.3548387096774194,0.7674418604651163,1.1222805701425358
한동희,226.0,211.0,25.0,24.0,49.0,13.0,1.0,4.0,0.0,1.0,0.0,1.0,12.0,0.0,2.0,58.0,7.0,12.0,40.0,11.333333333,67.0,17.0,내,2700,LT,0.27876106194690264,0.36018957345971564,0.6389506354066183
호잉,590.0,529.0,110.0,85.0,162.0,47.0,2.0,30.0,23.0,9.0,0.0,5.0,51.0,10.0,5.0,93.0,5.0,4.0,112.0,34.649999998999995,167.0,56.0,외,400000,HH,0.3694915254237288,0.5727788279773157,0.9422703534010446
정은원,227.0,201.0,20.0,33.0,50.0,5.0,3.0,4.0,5.0,1.0,2.0,1.0,22.0,0.0,1.0,50.0,0.0,5.0,41.0,11.0,42.0,14.0,내,2700,HH,0.3244444444444444,0.36318407960199006,0.6876285240464345
이인혁,1.0,1.0,0.0,1.0,0.0,0.0,0.0,0.0,0.0,0.0,0.0,0.0,0.0,0.0,0.0,1.0,0.0,0.0,0.0,0.0,0.0,0.0,외,2700,NC,0.0,0.0,0.0
오영수,16.0,15.0,0.0,0.0,2.0,0.0,0.0,0.0,0.0,1.0,0.0,0.0,1.0,0.0,0.0,5.0,0.0,0.0,3.0,0.0,5.0,0.0,내,2700,NC,0.1875,0.13333333333333333,0.3208333333333333
김철호,1.0,1.0,0.0,0.0,0.0,0.0,0.0,0.0,0.0,0.0,0.0,0.0,0.0,0.0,0.0,1.0,0.0,0.0,0.0,0.0,0.0,0.0,내,2700,NC,0.0,0.0,0.0
김형준,89.0,81.0,2.0,6.0,13.0,1.0,0.0,0.0,0.0,0.0,0.0,0.0,7.0,0.0,1.0,32.0,3.0,5.0,13.0,1.0,10.0,1.0,포,2700,NC,0.23595505617977527,0.1728395061728395,0.4087945623526148
김주찬,471.0,429.0,93.0,71.0,146.0,23.0,0.0,18.0,8.0,1.0,2.0,10.0,23.0,5.0,7.0,57.0,15.0,3.0,97.0,26.1,133.0,48.0,내,40000,HT,0.3752665245202559,0.5198135198135199,0.8950800443337757
박기혁,196.0,173.0,15.0,17.0,37.0,6.0,0.0,1.0,1.0,0.0,5.0,3.0,13.0,0.0,2.0,50.0,8.0,4.0,31.0,5.833333333000001,46.0,9.0,내,15000,KT,0.27225130890052357,0.2658959537572254,0.538147262657749
이범호,380.0,332.0,69.0,41.0,93.0,7.0,0.0,20.0,1.0,0.0,0.0,2.0,42.0,4.0,4.0,59.0,12.0,4.0,63.0,15.583333334,100.0,28.0,내,65000,HT,0.36578947368421055,0.4819277108433735,0.847717184527584
이성우,134.0,120.0,5.0,10.0,29.0,5.0,0.0,0.0,1.0,0.0,4.0,1.0,8.0,0.0,1.0,16.0,4.0,0.0,24.0,1.5,32.0,2.0,포,9000,SK,0.2923076923076923,0.2833333333333333,0.5756410256410256
박한이,392.0,342.0,43.0,47.0,97.0,16.0,0.0,10.0,5.0,3.0,6.0,1.0,43.0,2.0,0.0,91.0,9.0,0.0,69.0,21.499999999000003,97.0,28.0,외,25000,SS,0.3626943005181347,0.41812865497076024,0.780822955488895
최준석,179.0,153.0,24.0,7.0,39.0,3.0,0.0,4.0,0.0,0.0,0.0,2.0,24.0,0.0,0.0,41.0,6.0,0.0,17.0,13.5,50.0,15.0,내,5500,NC,0.35195530726256985,0.35294117647058826,0.7048964837331582
이대호,604.0,543.0,125.0,81.0,181.0,30.0,0.0,37.0,0.0,1.0,0.0,4.0,43.0,7.0,14.0,75.0,18.0,3.0,116.0,31.000000001,153.0,47.0,내,250000,LT,0.39403973509933776,0.5930018416206262,0.987041576719964
김태균,271.0,254.0,34.0,25.0,80.0,11.0,0.0,10.0,0.0,1.0,0.0,0.0,13.0,1.0,4.0,56.0,7.0,2.0,42.0,18.666666666,70.0,24.0,내,140000,HH,0.35793357933579334,0.4763779527559055,0.8343115320916988
김강민,267.0,235.0,46.0,40.0,70.0,14.0,0.0,14.0,10.0,6.0,5.0,0.0,22.0,0.0,5.0,57.0,1.0,2.0,50.0,13.5,62.0,17.0,외,60000,SK,0.3702290076335878,0.5361702127659574,0.9063992203995452
정상호,128.0,112.0,9.0,11.0,25.0,4.0,0.0,1.0,0.0,1.0,3.0,0.0,8.0,0.0,5.0,35.0,3.0,1.0,22.0,4.333333333000001,35.0,6.0,포,50000,LG,0.304,0.2857142857142857,0.5897142857142856
박용택,583.0,524.0,76.0,89.0,159.0,38.0,1.0,15.0,3.0,3.0,0.0,7.0,47.0,0.0,5.0,107.0,21.0,0.0,97.0,23.083333332,130.0,37.0,외,80000,LG,0.36192109777015435,0.46564885496183206,0.8275699527319864
최형우,609.0,528.0,103.0,92.0,179.0,34.0,1.0,25.0,3.0,0.0,0.0,8.0,66.0,7.0,7.0,87.0,17.0,4.0,114.0,33.833333331,158.0,54.0,외,150000,HT,0.41379310344827586,0.5492424242424242,0.9630355276907001
손주인,297.0,265.0,28.0,26.0,63.0,10.0,0.0,4.0,3.0,0.0,10.0,4.0,11.0,0.0,7.0,40.0,11.0,5.0,52.0,12.5,73.0,17.0,내,18000,SS,0.28222996515679444,0.32075471698113206,0.6029846821379266
조동찬,59.0,54.0,2.0,5.0,12.0,1.0,0.0,1.0,0.0,0.0,1.0,0.0,4.0,0.0,0.0,14.0,2.0,0.0,12.0,0.333333333,18.0,1.0,내,40000,SS,0.27586206896551724,0.2962962962962963,0.5721583652618135
문규현,349.0,316.0,41.0,42.0,87.0,19.0,1.0,6.0,3.0,1.0,9.0,6.0,18.0,0.0,0.0,45.0,9.0,13.0,60.0,13.666666666,73.0,20.0,내,18000,LT,0.3088235294117647,0.3987341772151899,0.7075577066269546
이대수,6.0,5.0,0.0,1.0,1.0,1.0,0.0,0.0,0.0,0.0,1.0,0.0,0.0,0.0,0.0,2.0,0.0,0.0,1.0,0.0,0.0,0.0,내,7000,SK,0.2,0.4,0.6000000000000001
박경수,528.0,458.0,74.0,65.0,120.0,21.0,0.0,25.0,4.0,1.0,0.0,3.0,58.0,2.0,9.0,129.0,16.0,14.0,91.0,23.666666666,111.0,32.0,내,23000,KT,0.3541666666666667,0.47161572052401746,0.8257823871906842
이성열,528.0,485.0,102.0,76.0,143.0,21.0,1.0,34.0,9.0,7.0,1.0,2.0,35.0,3.0,5.0,143.0,9.0,4.0,79.0,26.833333332,138.0,39.0,외,25000,HH,0.34724857685009486,0.5525773195876289,0.8998258964377237
이대형,1.0,1.0,0.0,0.0,0.0,0.0,0.0,0.0,0.0,0.0,0.0,0.0,0.0,0.0,0.0,1.0,0.0,0.0,0.0,0.0,0.0,0.0,외,20000,KT,0.0,0.0,0.0
나주환,420.0,362.0,56.0,54.0,95.0,24.0,0.0,12.0,5.0,6.0,13.0,2.0,38.0,0.0,5.0,66.0,2.0,13.0,68.0,20.333333333,87.0,28.0,내,30000,SK,0.33906633906633904,0.4281767955801105,0.7672431346464496
손시헌,150.0,128.0,14.0,12.0,24.0,4.0,0.0,2.0,2.0,0.0,1.0,1.0,15.0,0.0,5.0,20.0,3.0,3.0,27.0,3.833333333,33.0,6.0,내,50000,NC,0.2953020134228188,0.265625,0.5609270134228188
지석훈,105.0,94.0,8.0,9.0,17.0,2.0,0.0,1.0,1.0,0.0,0.0,3.0,8.0,0.0,0.0,20.0,2.0,5.0,21.0,2.5,21.0,3.0,내,15000,NC,0.23809523809523808,0.23404255319148937,0.47213779128672745
이종욱,128.0,122.0,8.0,12.0,28.0,7.0,0.0,1.0,1.0,1.0,1.0,1.0,4.0,0.0,0.0,16.0,2.0,0.0,19.0,4.5,23.0,5.0,외,20000,NC,0.25196850393700787,0.3114754098360656,0.5634439137730735
이택근,356.0,308.0,52.0,40.0,95.0,25.0,1.0,4.0,1.0,0.0,3.0,4.0,32.0,0.0,9.0,44.0,14.0,2.0,72.0,23.166666667,87.0,32.0,외,50000,WO,0.38526912181303113,0.43506493506493504,0.8203340568779662
서동욱,56.0,49.0,2.0,3.0,10.0,3.0,0.0,0.0,0.0,0.0,0.0,1.0,5.0,0.0,1.0,15.0,1.0,1.0,8.0,0.0,6.0,0.0,내,18500,HT,0.2857142857142857,0.2653061224489796,0.5510204081632653
이용규,575.0,491.0,36.0,82.0,144.0,14.0,1.0,1.0,30.0,11.0,8.0,5.0,59.0,0.0,12.0,62.0,8.0,6.0,107.0,25.833333333,104.0,34.0,외,40000,HH,0.37918871252204583,0.3319755600814664,0.7111642726035122
김재호,467.0,402.0,75.0,78.0,125.0,20.0,0.0,16.0,6.0,2.0,3.0,6.0,52.0,1.0,4.0,77.0,12.0,12.0,83.0,24.166666666,100.0,35.0,내,65000,OB,0.3900862068965517,0.48009950248756217,0.8701857093841139
윤석민,509.0,460.0,60.0,58.0,127.0,22.0,0.0,19.0,4.0,1.0,2.0,3.0,40.0,2.0,4.0,69.0,17.0,7.0,96.0,17.5,100.0,22.0,내,31000,KT,0.33727810650887574,0.44782608695652176,0.7851041934653975
유한준,480.0,428.0,83.0,59.0,145.0,21.0,1.0,20.0,1.0,1.0,2.0,1.0,47.0,3.0,2.0,53.0,9.0,0.0,103.0,29.0,109.0,42.0,외,60000,KT,0.40585774058577406,0.5327102803738317,0.9385680209596058
박석민,375.0,318.0,55.0,40.0,81.0,14.0,1.0,16.0,1.0,0.0,0.0,3.0,39.0,4.0,15.0,80.0,11.0,4.0,65.0,14.0,82.0,19.0,내,75000,NC,0.36,0.4559748427672956,0.8159748427672956
강민호,477.0,427.0,71.0,46.0,115.0,14.0,0.0,22.0,0.0,0.0,0.0,7.0,29.0,5.0,14.0,96.0,11.0,8.0,85.0,18.666666666,120.0,27.0,포,100000,SS,0.3312368972746331,0.4566744730679157,0.7879113703425489
김주형,8.0,8.0,0.0,0.0,1.0,0.0,0.0,0.0,0.0,0.0,0.0,0.0,0.0,0.0,0.0,1.0,1.0,1.0,1.0,1.0,1.0,1.0,내,7500,HT,0.125,0.125,0.25
최진행,154.0,136.0,13.0,14.0,29.0,3.0,0.0,7.0,0.0,1.0,0.0,0.0,15.0,0.0,3.0,53.0,5.0,1.0,21.0,5.333333333000001,37.0,7.0,외,19000,HH,0.3051948051948052,0.3897058823529412,0.6949006875477464
임훈,88.0,83.0,7.0,10.0,19.0,3.0,0.0,2.0,0.0,0.0,2.0,0.0,3.0,0.0,0.0,15.0,3.0,0.0,13.0,3.0,18.0,3.0,외,7000,LG,0.2558139534883721,0.3373493975903614,0.5931633510787335
박정권,31.0,29.0,6.0,4.0,5.0,0.0,0.0,2.0,0.0,0.0,0.0,0.0,2.0,0.0,0.0,9.0,0.0,0.0,3.0,2.0,11.0,2.0,내,40000,SK,0.22580645161290322,0.3793103448275862,0.6051167964404894
박병호,488.0,400.0,112.0,88.0,138.0,20.0,0.0,43.0,0.0,1.0,0.0,3.0,68.0,10.0,17.0,114.0,9.0,11.0,119.0,22.333333331,125.0,39.0,내,150000,WO,0.4569672131147541,0.7175,1.1744672131147542
정의윤,239.0,217.0,38.0,27.0,59.0,9.0,0.0,11.0,1.0,1.0,0.0,1.0,19.0,1.0,2.0,29.0,8.0,1.0,41.0,13.833333334,58.0,18.0,외,30000,SK,0.33472803347280333,0.46543778801843316,0.8001658214912365
오재일,477.0,401.0,80.0,69.0,112.0,19.0,2.0,27.0,1.0,1.0,0.0,10.0,60.0,2.0,6.0,121.0,3.0,4.0,83.0,17.333333333,121.0,26.0,내,30000,OB,0.3731656184486373,0.5386533665835411,0.9118189850321785
이원석,543.0,479.0,93.0,74.0,144.0,30.0,1.0,20.0,2.0,1.0,0.0,5.0,52.0,1.0,7.0,103.0,10.0,9.0,101.0,24.416666666000005,139.0,42.0,내,30000,SS,0.3738489871086556,0.49269311064718163,0.8665420977558372
정근우,425.0,375.0,57.0,63.0,114.0,24.0,1.0,11.0,6.0,5.0,1.0,3.0,39.0,1.0,7.0,43.0,12.0,11.0,82.0,19.166666666,89.0,29.0,내,70000,HH,0.37735849056603776,0.4613333333333333,0.838691823899371
최정,489.0,406.0,74.0,95.0,99.0,16.0,1.0,35.0,9.0,2.0,0.0,2.0,58.0,2.0,23.0,129.0,10.0,11.0,81.0,15.416666666,98.0,23.0,내,120000,SK,0.36809815950920244,0.5467980295566502,0.9148961890658527
이병규,257.0,198.0,39.0,31.0,54.0,11.0,1.0,10.0,0.0,0.0,0.0,2.0,50.0,1.0,7.0,58.0,5.0,1.0,48.0,12.166666667,62.0,18.0,외,9000,LT,0.43190661478599224,0.4898989898989899,0.9218056046849821
최승준,79.0,72.0,11.0,5.0,18.0,3.0,0.0,4.0,0.0,0.0,0.0,0.0,6.0,0.0,1.0,25.0,3.0,2.0,6.0,2.333333333,16.0,4.0,내,5600,SK,0.31645569620253167,0.4583333333333333,0.774789029535865
양의지,503.0,439.0,77.0,84.0,157.0,29.0,1.0,23.0,6.0,0.0,0.0,6.0,45.0,6.0,13.0,40.0,13.0,3.0,101.0,28.499999999,126.0,40.0,포,60000,OB,0.4274353876739563,0.5854214123006833,1.0128567999746396
민병헌,494.0,443.0,66.0,74.0,141.0,21.0,0.0,17.0,8.0,3.0,2.0,6.0,35.0,3.0,8.0,68.0,10.0,1.0,100.0,19.499999999,106.0,30.0,외,100000,LT,0.37398373983739835,0.48081264108352145,0.8547963809209198
최주환,590.0,519.0,108.0,87.0,173.0,39.0,6.0,26.0,1.0,0.0,0.0,10.0,51.0,1.0,10.0,89.0,5.0,3.0,100.0,31.250000001,133.0,49.0,내,20000,OB,0.39661016949152544,0.581888246628131,0.9784984161196564
김현수,511.0,453.0,101.0,95.0,164.0,39.0,2.0,20.0,1.0,3.0,0.0,10.0,47.0,6.0,1.0,61.0,9.0,5.0,96.0,29.333333333,117.0,49.0,외,140000,LG,0.41487279843444225,0.5894039735099338,1.004276771944376
황재균,588.0,530.0,88.0,76.0,157.0,41.0,3.0,25.0,14.0,7.0,2.0,3.0,49.0,1.0,4.0,120.0,5.0,17.0,118.0,25.749999998,151.0,38.0,내,120000,KT,0.3583617747440273,0.5264150943396226,0.8847768690836499
유재신,40.0,33.0,8.0,19.0,14.0,3.0,1.0,1.0,4.0,0.0,0.0,0.0,7.0,0.0,0.0,10.0,0.0,1.0,14.0,4.0,8.0,4.0,외,6500,HT,0.525,0.6666666666666666,1.1916666666666667
김문호,115.0,100.0,16.0,12.0,25.0,7.0,0.0,2.0,1.0,0.0,2.0,0.0,13.0,1.0,0.0,27.0,2.0,2.0,19.0,6.5,28.0,7.0,외,15000,LT,0.336283185840708,0.38,0.7162831858407079
정범모,219.0,190.0,18.0,20.0,34.0,9.0,0.0,4.0,1.0,0.0,7.0,3.0,15.0,0.0,4.0,62.0,4.0,4.0,30.0,6.5,41.0,9.0,포,5500,NC,0.25,0.2894736842105263,0.5394736842105263
김태완,74.0,66.0,5.0,5.0,13.0,2.0,0.0,1.0,0.0,0.0,0.0,1.0,5.0,1.0,2.0,25.0,4.0,0.0,11.0,1.666666667,17.0,3.0,내,6000,WO,0.2702702702702703,0.2727272727272727,0.542997542997543
송광민,460.0,434.0,79.0,63.0,129.0,24.0,0.0,18.0,4.0,4.0,0.0,4.0,18.0,0.0,4.0,93.0,13.0,12.0,82.0,17.083333333000002,144.0,35.0,내,24000,HH,0.3282608695652174,0.4769585253456221,0.8052193949108395
김성현,462.0,415.0,55.0,51.0,115.0,19.0,1.0,4.0,6.0,2.0,6.0,3.0,29.0,0.0,9.0,42.0,19.0,17.0,92.0,26.166666666,114.0,38.0,내,25000,SK,0.3355263157894737,0.3566265060240964,0.6921528218135701
이재원,471.0,407.0,57.0,63.0,134.0,24.0,0.0,17.0,0.0,0.0,4.0,5.0,43.0,0.0,12.0,65.0,13.0,11.0,86.0,24.333333333,104.0,32.0,포,35000,SK,0.40471092077087795,0.5135135135135135,0.9182244342843915
이명기,502.0,447.0,42.0,88.0,135.0,28.0,6.0,4.0,12.0,5.0,11.0,1.0,40.0,3.0,3.0,64.0,5.0,2.0,84.0,18.749999999,118.0,29.0,외,25000,HT,0.3625254582484725,0.41834451901565994,0.7808699772641324
김재현,77.0,65.0,5.0,19.0,18.0,1.0,1.0,1.0,7.0,1.0,0.0,0.0,9.0,0.0,3.0,17.0,0.0,1.0,19.0,1.5,13.0,2.0,외,5100,SK,0.38961038961038963,0.36923076923076925,0.7588411588411589
허도환,24.0,22.0,1.0,4.0,6.0,0.0,0.0,1.0,0.0,0.0,0.0,0.0,1.0,0.0,1.0,8.0,1.0,0.0,4.0,0.0,7.0,0.0,포,6800,SK,0.3333333333333333,0.4090909090909091,0.7424242424242424
오재원,521.0,473.0,81.0,78.0,148.0,24.0,1.0,15.0,15.0,6.0,3.0,2.0,41.0,0.0,2.0,119.0,13.0,17.0,93.0,32.833333331999995,139.0,47.0,내,55000,OB,0.3687258687258687,0.4630021141649049,0.8317279828907735
김동욱,12.0,11.0,0.0,2.0,1.0,0.0,0.0,0.0,0.0,0.0,0.0,0.0,1.0,0.0,0.0,4.0,0.0,0.0,2.0,0.0,4.0,0.0,내,4000,KT,0.16666666666666666,0.09090909090909091,0.25757575757575757
채태인,420.0,376.0,75.0,44.0,110.0,18.0,0.0,15.0,0.0,0.0,1.0,4.0,34.0,3.0,5.0,107.0,10.0,4.0,72.0,27.649999999,119.0,39.0,내,20000,LT,0.3556085918854415,0.4601063829787234,0.815714974864165
최원제,13.0,11.0,0.0,1.0,3.0,0.0,0.0,0.0,0.0,0.0,0.0,0.0,1.0,0.0,1.0,5.0,0.0,0.0,2.0,0.0,1.0,0.0,내,3200,SS,0.38461538461538464,0.2727272727272727,0.6573426573426573
손아섭,625.0,553.0,93.0,109.0,182.0,32.0,5.0,26.0,20.0,3.0,1.0,1.0,68.0,1.0,2.0,99.0,15.0,4.0,131.0,32.416666666,136.0,49.0,외,150000,LT,0.40384615384615385,0.546112115732369,0.9499582695785228
김민성,465.0,413.0,45.0,46.0,117.0,24.0,0.0,10.0,1.0,0.0,1.0,5.0,40.0,3.0,6.0,80.0,6.0,7.0,98.0,17.833333333,104.0,24.0,내,35000,WO,0.35129310344827586,0.41404358353510895,0.7653366869833849
이준수,10.0,8.0,1.0,0.0,2.0,0.0,0.0,0.0,0.0,0.0,1.0,0.0,0.0,0.0,1.0,1.0,1.0,0.0,4.0,0.5,4.0,1.0,포,3000,KT,0.3333333333333333,0.25,0.5833333333333333
이형종,485.0,437.0,42.0,83.0,138.0,27.0,0.0,13.0,6.0,4.0,5.0,0.0,31.0,0.0,12.0,82.0,6.0,1.0,77.0,20.333333333,89.0,26.0,외,10500,LG,0.3770833333333333,0.4668192219679634,0.8439025553012967
서건창,160.0,141.0,15.0,28.0,48.0,12.0,0.0,0.0,2.0,0.0,2.0,2.0,12.0,0.0,3.0,19.0,1.0,0.0,31.0,9.499999999000002,45.0,14.0,내,38000,WO,0.3987341772151899,0.425531914893617,0.824266092108807
김용의,185.0,159.0,13.0,28.0,37.0,2.0,0.0,0.0,10.0,1.0,7.0,3.0,16.0,1.0,0.0,32.0,1.0,1.0,58.0,6.75,42.0,9.0,외,9000,LG,0.29775280898876405,0.24528301886792453,0.5430358278566886
김재환,602.0,527.0,133.0,104.0,176.0,36.0,1.0,44.0,2.0,0.0,0.0,7.0,59.0,4.0,9.0,134.0,6.0,4.0,122.0,30.083333333,156.0,46.0,외,47000,OB,0.4053156146179402,0.6565464895635673,1.0618621041815075
최재훈,341.0,298.0,27.0,36.0,78.0,17.0,0.0,1.0,8.0,0.0,6.0,2.0,20.0,0.0,15.0,61.0,8.0,5.0,63.0,14.25,75.0,19.0,포,8000,HH,0.3373134328358209,0.3288590604026846,0.6661724932385055
전민수,35.0,29.0,4.0,0.0,5.0,3.0,0.0,0.0,0.0,0.0,1.0,0.0,5.0,0.0,0.0,11.0,0.0,0.0,8.0,1.666666667,10.0,3.0,외,5100,KT,0.29411764705882354,0.27586206896551724,0.5699797160243407
이영욱,16.0,16.0,1.0,0.0,2.0,0.0,0.0,0.0,1.0,0.0,0.0,0.0,0.0,0.0,0.0,4.0,0.0,0.0,5.0,0.5,6.0,1.0,외,6500,HT,0.125,0.125,0.25
전준우,614.0,556.0,90.0,118.0,190.0,36.0,2.0,33.0,7.0,7.0,1.0,2.0,48.0,1.0,7.0,82.0,12.0,3.0,95.0,32.166666666,116.0,44.0,외,27000,LT,0.399673735725938,0.591726618705036,0.991400354430974
하준호,26.0,22.0,2.0,2.0,3.0,1.0,0.0,1.0,0.0,0.0,4.0,0.0,0.0,0.0,0.0,14.0,0.0,0.0,1.0,1.0,2.0,1.0,외,5700,KT,0.13636363636363635,0.3181818181818182,0.45454545454545453
장성우,393.0,356.0,48.0,41.0,92.0,13.0,0.0,13.0,1.0,1.0,1.0,2.0,32.0,0.0,2.0,82.0,8.0,9.0,57.0,18.0,92.0,22.0,포,7300,KT,0.32142857142857145,0.4044943820224719,0.7259229534510434
황진수,26.0,24.0,1.0,6.0,4.0,1.0,0.0,1.0,1.0,0.0,0.0,0.0,2.0,0.0,0.0,5.0,0.0,3.0,3.0,0.0,5.0,0.0,내,6200,LT,0.23076923076923078,0.3333333333333333,0.5641025641025641
김선빈,492.0,424.0,49.0,73.0,125.0,17.0,2.0,4.0,4.0,1.0,6.0,5.0,48.0,1.0,9.0,42.0,10.0,12.0,92.0,24.666666666,115.0,35.0,내,28000,HT,0.37448559670781895,0.37264150943396224,0.7471271061417812
나지완,379.0,317.0,78.0,50.0,86.0,18.0,0.0,26.0,0.0,0.0,0.0,5.0,38.0,2.0,19.0,81.0,14.0,0.0,53.0,16.833333333000002,100.0,25.0,외,60000,HT,0.37730870712401055,0.5741324921135647,0.9514411992375752
백용환,57.0,47.0,4.0,7.0,13.0,1.0,0.0,0.0,0.0,1.0,1.0,0.0,9.0,0.0,0.0,15.0,3.0,2.0,17.0,3.0,9.0,3.0,포,5300,HT,0.39285714285714285,0.2978723404255319,0.6907294832826747
김지열,48.0,45.0,5.0,11.0,9.0,4.0,0.0,1.0,1.0,1.0,0.0,0.0,3.0,0.0,0.0,13.0,2.0,2.0,13.0,1.5,11.0,2.0,외,4000,KT,0.25,0.35555555555555557,0.6055555555555556
오선진,148.0,133.0,9.0,14.0,30.0,4.0,0.0,1.0,3.0,0.0,3.0,0.0,7.0,0.0,5.0,33.0,2.0,5.0,30.0,5.166666666999999,39.0,9.0,내,8600,HH,0.2896551724137931,0.2781954887218045,0.5678506611355976
모창민,314.0,287.0,62.0,38.0,80.0,10.0,1.0,17.0,2.0,3.0,0.0,4.0,21.0,0.0,2.0,51.0,10.0,9.0,52.0,17.666666666,80.0,27.0,내,18500,NC,0.32802547770700635,0.49825783972125437,0.8262833174282607
오지환,617.0,533.0,71.0,93.0,148.0,26.0,2.0,11.0,10.0,5.0,12.0,6.0,59.0,3.0,7.0,146.0,6.0,24.0,95.0,28.0,126.0,45.0,내,29000,LG,0.3537190082644628,0.39587242026266417,0.749591428527127
문선재,6.0,6.0,0.0,0.0,1.0,0.0,0.0,0.0,0.0,0.0,0.0,0.0,0.0,0.0,0.0,3.0,0.0,0.0,0.0,0.0,1.0,0.0,외,7000,LG,0.16666666666666666,0.16666666666666666,0.3333333333333333
정주현,339.0,303.0,31.0,48.0,79.0,14.0,2.0,6.0,18.0,3.0,6.0,1.0,27.0,0.0,2.0,68.0,9.0,15.0,68.0,16.666666667,83.0,23.0,외,5000,LG,0.32432432432432434,0.3795379537953795,0.7038622781197039
채은성,578.0,529.0,119.0,78.0,175.0,36.0,2.0,25.0,3.0,1.0,0.0,5.0,35.0,1.0,9.0,97.0,12.0,3.0,128.0,38.666666666,163.0,59.0,외,11000,LG,0.3788927335640138,0.5482041587901701,0.927096892354184
윤진호,61.0,53.0,4.0,13.0,11.0,3.0,0.0,0.0,0.0,1.0,4.0,0.0,2.0,0.0,2.0,14.0,2.0,2.0,19.0,3.0,18.0,3.0,내,4200,LG,0.2631578947368421,0.2641509433962264,0.5273088381330685
박건우,529.0,488.0,84.0,79.0,159.0,24.0,6.0,12.0,7.0,3.0,1.0,2.0,28.0,1.0,10.0,65.0,14.0,1.0,113.0,36.866666667,142.0,53.0,외,37000,OB,0.3731060606060606,0.4733606557377049,0.8464667163437656
정수빈,112.0,98.0,23.0,20.0,36.0,2.0,1.0,2.0,5.0,2.0,0.0,2.0,11.0,0.0,1.0,13.0,1.0,2.0,25.0,9.833333333,27.0,15.0,외,28000,OB,0.42857142857142855,0.46938775510204084,0.8979591836734694
허경민,577.0,516.0,79.0,85.0,167.0,30.0,5.0,10.0,20.0,4.0,5.0,8.0,32.0,0.0,16.0,52.0,15.0,7.0,104.0,32.666666666,140.0,49.0,내,26500,OB,0.3758741258741259,0.45930232558139533,0.8351764514555212
국해성,28.0,24.0,1.0,4.0,8.0,3.0,0.0,0.0,1.0,0.0,0.0,0.0,3.0,0.0,1.0,5.0,1.0,0.0,6.0,1.0,5.0,1.0,외,5000,OB,0.42857142857142855,0.4583333333333333,0.8869047619047619
김지수,39.0,34.0,0.0,4.0,5.0,0.0,0.0,0.0,0.0,1.0,0.0,0.0,5.0,0.0,0.0,15.0,2.0,1.0,13.0,1.0,9.0,1.0,내,6200,WO,0.2564102564102564,0.14705882352941177,0.4034690799396682
장영석,221.0,196.0,25.0,24.0,44.0,15.0,0.0,7.0,1.0,0.0,0.0,0.0,23.0,0.0,2.0,61.0,2.0,2.0,34.0,7.5,56.0,13.0,내,6000,WO,0.31221719457013575,0.40816326530612246,0.7203804598762582
박헌도,31.0,26.0,0.0,1.0,3.0,1.0,0.0,0.0,0.0,0.0,0.0,0.0,5.0,0.0,0.0,10.0,1.0,0.0,4.0,0.0,5.0,0.0,외,7200,LT,0.25806451612903225,0.15384615384615385,0.4119106699751861
김종민,4.0,4.0,0.0,0.0,0.0,0.0,0.0,0.0,0.0,0.0,0.0,0.0,0.0,0.0,0.0,1.0,0.0,0.0,0.0,0.0,0.0,0.0,포,5300,NC,0.0,0.0,0.0
박동원,128.0,117.0,17.0,19.0,29.0,3.0,0.0,6.0,0.0,0.0,2.0,0.0,9.0,1.0,0.0,25.0,3.0,2.0,18.0,5.0,36.0,10.0,포,18000,WO,0.30158730158730157,0.42735042735042733,0.7289377289377289
김상수,499.0,453.0,50.0,63.0,119.0,13.0,1.0,10.0,12.0,9.0,8.0,3.0,27.0,0.0,8.0,91.0,11.0,16.0,77.0,11.666666664,120.0,24.0,내,24000,SS,0.3136456211812627,0.3620309050772627,0.6756765262585254
오정복,7.0,7.0,0.0,0.0,0.0,0.0,0.0,0.0,0.0,0.0,0.0,0.0,0.0,0.0,0.0,1.0,0.0,0.0,0.0,0.0,2.0,0.0,외,7000,KT,0.0,0.0,0.0
이지영,203.0,178.0,19.0,31.0,61.0,10.0,0.0,2.0,0.0,0.0,6.0,0.0,15.0,1.0,4.0,27.0,3.0,4.0,52.0,8.833333333,48.0,12.0,포,21000,SS,0.40609137055837563,0.43258426966292135,0.8386756402212969
배영섭,168.0,147.0,13.0,15.0,36.0,6.0,0.0,0.0,1.0,0.0,2.0,0.0,16.0,2.0,3.0,35.0,2.0,1.0,39.0,7.833333333,42.0,11.0,외,13000,SS,0.3313253012048193,0.2857142857142857,0.617039586919105
양종민,15.0,14.0,1.0,5.0,4.0,0.0,1.0,0.0,0.0,0.0,0.0,0.0,1.0,0.0,0.0,5.0,1.0,1.0,3.0,2.0,3.0,2.0,내,2900,OB,0.3333333333333333,0.42857142857142855,0.7619047619047619
안치홍,549.0,494.0,118.0,88.0,169.0,38.0,1.0,23.0,5.0,1.0,0.0,9.0,36.0,1.0,10.0,57.0,13.0,8.0,105.0,35.249999999,144.0,58.0,내,32000,HT,0.39162112932604737,0.562753036437247,0.9543741657632943
김회성,102.0,85.0,17.0,15.0,22.0,5.0,0.0,4.0,1.0,0.0,3.0,0.0,11.0,0.0,3.0,26.0,3.0,0.0,20.0,7.333333333000001,22.0,9.0,내,5800,HH,0.36363636363636365,0.4588235294117647,0.8224598930481284
정성훈,205.0,183.0,28.0,22.0,54.0,11.0,0.0,4.0,0.0,1.0,0.0,1.0,16.0,1.0,5.0,49.0,5.0,6.0,36.0,11.666666667,59.0,17.0,내,10000,HT,0.36585365853658536,0.4207650273224044,0.7866186858589898
이진영,312.0,283.0,39.0,40.0,90.0,17.0,1.0,3.0,2.0,1.0,1.0,3.0,25.0,1.0,0.0,35.0,3.0,0.0,46.0,19.0,82.0,25.0,외,40000,KT,0.36977491961414793,0.4169611307420495,0.7867360503561974
