Name,PA,AB,RBI,RUN,HIT,H2,H3,HR,SB,CS,SH,SF,BB,IB,HP,KK,GD,ERR,LOB,P_HRA_RT,P_AB_CN,P_HIT_CN,Position,Money_19,Money_20,OBP,SLG,OPS,GPA,SECA,TA,RC,RC27,XR,ISO,PSR,wOBA,BABIP,연봉상승률,연봉상승폭
이대호,549,485,88,48,138,23,1,16,0,0,0,7,47,4,10,65,19,1,102,28.83333333,131,38,내,250000,250000,0.3551912568306011,0.4350515463917526,0.7902428032223536,0.2685989521717086,0.3298969072164948,0.73224043715847,65.62486184982788,2.430550438882514,72.47000000000001,0.1505154639175258,0.0,0.6390697247706422,0.2968369829683698,0.0,0
박병호,532,432,98,92,121,22,0,33,0,1,0,9,78,5,13,117,7,6,110,21.0,117,34,내,150000,200000,0.3984962406015037,0.5601851851851852,0.9586814257866888,0.319369604566973,0.5856481481481481,1.0438871473354232,81.93949674185461,3.034796175624245,98.34399999999998,0.2800925925925926,0.0,0.7706660341555976,0.3024054982817869,0.33,50000
양의지,459,390,68,61,138,26,0,20,4,3,0,6,48,4,15,43,13,2,100,26.5,110,40,포,200000,200000,0.4379084967320261,0.5743589743589743,1.0122674710910005,0.3406485671191553,0.4641025641025641,1.085820895522388,86.42533091261186,3.200938181948587,88.726,0.2205128205128204,6.666666666666667,0.8021560439560439,0.3543543543543543,0.0,0
손아섭,568,512,63,78,151,22,1,10,13,8,1,2,52,1,1,92,6,4,112,22.33333333,123,36,외,150000,200000,0.3597883597883597,0.400390625,0.7601789847883598,0.2620024181547619,0.28125,0.7226666666666667,66.2069613458529,2.4521096794760333,73.324,0.10546875,11.304347826086955,0.5887173144876325,0.3422330097087379,0.33,50000
최형우,555,456,86,65,137,31,1,17,0,1,0,7,85,6,7,77,13,0,115,26.16666667,137,36,외,150000,150000,0.4126126126126126,0.4846491228070175,0.8972617354196302,0.30683795637743,0.4758771929824561,0.93993993993994,82.87937697697691,3.069606554702849,90.714,0.1842105263157895,0.0,0.6982331511839708,0.3252032520325203,0.0,0
김현수,595,526,82,75,160,37,0,11,3,1,0,9,54,9,6,52,11,1,128,30.41666667,146,48,외,130000,130000,0.3697478991596639,0.4372623574144487,0.8070102565741126,0.2757021439754609,0.3307984790874524,0.7751322751322751,79.93356563958912,2.960502431095893,84.19400000000003,0.1330798479087452,4.714285714285714,0.6042150170648464,0.3156779661016949,0.0,0
이재원,502,451,75,33,121,19,0,12,1,0,1,7,34,2,9,59,16,6,102,25.58333333,132,40,포,140000,130000,0.3273453093812375,0.3902439024390244,0.7175892118202619,0.244866364831313,0.2682926829268293,0.6358381502890174,50.28642018592291,1.8624600068860333,57.118000000000016,0.1219512195121951,1.8461538461538465,0.6539478957915832,0.2816537467700258,-0.07,-10000
강민호,393,346,45,36,81,20,0,13,0,0,2,3,33,2,9,76,9,8,71,12.16666667,85,20,포,125000,125000,0.3145780051150895,0.4046242774566474,0.7192022825717369,0.2427161716659521,0.361271676300578,0.6642335766423357,34.552739609838795,1.279731096660696,44.622,0.1705202312138728,0.0,0.8458843187660667,0.2615384615384615,0.0,0
민병헌,420,369,43,52,112,24,2,9,13,6,1,3,42,0,5,55,9,2,82,11.51666667,83,24,외,125000,125000,0.3794749403341289,0.4525745257452574,0.8320494660793863,0.2839073545866724,0.3766937669376693,0.8345588235294118,56.83093333333335,2.10484938271605,61.46999999999999,0.1490514905149051,10.636363636363637,0.7883818615751789,0.3344155844155844,0.0,0
최정,606,503,99,86,147,27,0,29,3,2,0,8,69,6,26,92,4,14,135,30.5,141,47,내,120000,120000,0.3993399339933993,0.5188866799204771,0.9182266139138764,0.309424640277149,0.4771371769383697,0.9917127071823204,95.73611455812238,3.5457820206711994,107.06399999999998,0.2266401590457256,5.4375,0.6775199999999999,0.3025641025641025,0.0,0
황재균,507,448,67,78,127,16,3,20,10,7,0,5,52,2,2,71,10,11,87,19.33333333,103,27,내,120000,120000,0.3570019723865877,0.4665178571428571,0.8235198295294449,0.2772803518596788,0.3928571428571428,0.8076923076923077,65.62605917159766,2.4305947841332465,73.872,0.1830357142857143,13.333333333333334,0.6869287128712871,0.2955801104972376,0.0,0
박용택,215,195,22,19,55,9,0,1,3,1,0,2,18,1,0,30,3,0,42,6.916666667,59,13,외,80000,80000,0.3395348837209302,0.3435897435897436,0.6831246273106738,0.2386881335718545,0.2153846153846154,0.6111111111111112,21.13755813953492,0.7828725236864784,23.46,0.0615384615384615,1.5,1.276504672897196,0.3253012048192771,0.0,0
박석민,444,360,74,49,96,17,1,19,1,2,4,3,65,2,12,69,17,11,92,19.08333333,107,30,내,75000,70000,0.3931818181818182,0.4777777777777778,0.8709595959595959,0.2963762626262626,0.4916666666666666,0.8833922261484098,57.92732422422421,2.1454564527490447,66.348,0.2111111111111111,1.9,0.8269954337899543,0.28,-0.07,-5000
김재호,470,377,48,51,101,22,0,4,3,3,8,11,67,3,7,58,10,10,104,17.5,105,27,내,65000,65000,0.3787878787878788,0.3580901856763925,0.7368780644642714,0.2599770918736436,0.3368700265251989,0.7335640138408305,51.12501418439717,1.893519043866562,58.95600000000002,0.0901856763925729,3.4285714285714284,0.7270000000000001,0.2975460122699386,0.0,0
김재환,574,495,91,76,140,20,5,15,3,1,0,11,63,5,5,113,7,0,109,28.58333333,140,42,외,73000,65000,0.3623693379790941,0.4343434343434343,0.7967127723225285,0.271652060676451,0.3636363636363636,0.7878787878787878,69.52084800619434,2.5748462224516424,82.71600000000001,0.1515151515151515,5.0,0.6134165202108963,0.3306878306878307,-0.11,-8000
나지완,153,129,17,12,24,5,0,6,0,0,0,2,19,1,3,37,3,0,24,2.833333333,36,5,외,60000,60000,0.3006535947712418,0.3643410852713178,0.6649946800425597,0.2263793889648882,0.4108527131782946,0.6388888888888888,10.27257501815538,0.3804657414131622,16.014,0.1782945736434108,0.0,1.852434210526316,0.2045454545454545,0.0,0
오지환,547,473,53,63,119,23,5,9,27,5,7,3,57,1,7,113,7,12,112,19.66666667,125,32,내,40000,60000,0.3388888888888889,0.3784355179704017,0.7173244068592906,0.2471088794926004,0.3720930232558139,0.7377049180327869,53.85896063375998,1.994776319768888,66.686,0.1268498942917547,13.5,0.6310556586270871,0.3107344632768362,0.5,20000
김하성,625,540,104,112,166,38,2,19,33,4,1,7,70,4,7,80,12,20,125,38.0,162,59,내,32000,55000,0.3894230769230769,0.4907407407407407,0.8801638176638177,0.2979255698005698,0.4759259259259259,0.9615384615384616,96.32271448888888,3.567507944032922,104.67000000000002,0.1833333333333333,24.115384615384617,0.6252,0.328125,0.72,23000
박민우,526,468,45,89,161,23,8,1,18,7,2,6,41,1,9,40,10,9,100,25.83333333,96,32,내,38000,52000,0.4026717557251908,0.4337606837606838,0.8364324394858746,0.2896424610165068,0.2692307692307692,0.8364197530864198,80.63714127587644,2.986560787995424,79.37999999999998,0.0897435897435897,1.894736842105263,0.5993862332695984,0.3695150115473441,0.37,14000
김태균,500,433,62,47,132,21,0,6,3,0,0,8,54,5,5,94,15,1,94,26.16666667,113,34,내,100000,50000,0.382,0.394919168591224,0.776919168591224,0.270629792147806,0.2840646651270208,0.7373417721518988,57.42813155555558,2.126967835390948,65.97800000000001,0.0900692840646651,4.0,0.6563656565656566,0.3695014662756598,-0.5,-50000
이성열,476,414,85,60,106,21,1,21,8,4,1,4,48,1,9,114,7,5,93,25.33333333,118,37,내,32000,50000,0.3431578947368421,0.463768115942029,0.8069260106788712,0.2703630816170862,0.4371980676328502,0.8056426332288401,52.84577366946769,1.9572508766469516,67.648,0.2077294685990338,11.586206896551724,0.7561940928270042,0.3003533568904594,0.56,18000
유한준,562,501,86,61,159,19,1,14,3,0,0,5,52,1,4,61,20,2,118,36.16666667,142,53,외,60000,50000,0.3825622775800711,0.4431137724550898,0.825676050035161,0.2829314680248044,0.3033932135728543,0.7762430939226519,77.00464448398571,2.852023869777249,80.052,0.1257485029940119,4.941176470588236,0.606187165775401,0.3364269141531322,-0.17,-10000
전준우,606,545,83,85,164,30,1,22,8,2,1,7,46,2,7,71,19,4,121,27.0,154,43,외,50000,50000,0.3586776859504132,0.4807339449541284,0.8394116309045416,0.281588444916218,0.3724770642201835,0.8034825870646766,81.87213362669593,3.0323012454331826,89.20200000000001,0.1798165137614679,11.733333333333333,0.6112885572139303,0.3093681917211329,0.0,0
허경민,540,475,60,71,137,25,1,4,11,5,3,11,34,2,17,36,16,8,103,26.66666667,111,36,내,38500,48000,0.3500931098696462,0.3705263157894737,0.7206194256591198,0.2501734783887092,0.2294736842105263,0.6629526462395543,59.66739197530865,2.209903406492913,63.402000000000015,0.0821052631578947,5.866666666666666,0.603203738317757,0.2982062780269058,0.25,9500
오재일,529,467,102,76,137,29,1,21,2,1,0,4,55,1,3,99,5,4,94,27.7,131,45,내,30000,47000,0.3686200378071834,0.4946466809421841,0.8632667187493676,0.2895406872487785,0.430406852248394,0.8660714285714286,73.51494039067416,2.7227755700249685,83.968,0.2012847965738758,3.652173913043478,0.6992253787878787,0.3304843304843304,0.57,17000
김선빈,447,394,40,55,115,22,0,3,5,4,5,4,43,0,1,26,7,10,89,18.66666667,91,27,내,30000,45000,0.3597285067873303,0.3705583756345177,0.730286882421848,0.2545174219629281,0.2538071065989847,0.6724137931034483,52.8426434004474,1.957134940757311,53.51200000000001,0.0786802030456852,3.75,0.7075950226244343,0.3035230352303523,0.5,15000
박건우,537,458,64,83,146,27,5,10,12,3,1,11,60,0,7,57,23,3,115,23.66666667,116,33,외,38500,45000,0.3973880597014925,0.4650655021834061,0.8624535618848986,0.2950910024115232,0.388646288209607,0.863905325443787,76.8712961721497,2.847085043412952,82.08399999999999,0.1462882096069868,10.909090909090908,0.6532873134328359,0.3383084577114428,0.17,6500
김주찬,363,337,32,35,101,16,0,3,3,1,1,3,17,3,5,44,6,6,71,15.66666667,88,22,내,40000,40000,0.3397790055248619,0.373887240356083,0.713666245880945,0.2463723625752086,0.1869436201780415,0.6213991769547325,39.18164211815122,1.4511719303018968,41.60800000000001,0.0741839762611275,3.0,0.8021337047353759,0.3344709897610921,0.0,0
박경수,490,421,65,43,104,24,0,10,0,1,4,6,55,1,4,102,14,9,94,21.0,121,34,내,40000,40000,0.3353909465020576,0.3752969121140142,0.7106878586160719,0.2447501539544295,0.33729216152019,0.6536144578313253,41.62952380952373,1.5418342151675457,54.18400000000001,0.1282660332541567,0.0,0.701057731958763,0.2984126984126984,0.0,0
김민성,401,361,50,44,94,16,0,8,2,1,5,1,30,0,4,75,12,6,56,18.41666667,88,29,내,40000,40000,0.3232323232323232,0.371191135734072,0.6944234589663953,0.2382523293880634,0.2631578947368421,0.6071428571428571,33.88575018010528,1.2550277844483435,41.14,0.1108033240997229,3.2,0.7801590909090909,0.3082437275985663,0.0,0
이정후,630,574,68,91,193,31,10,6,13,7,3,4,45,0,4,40,15,2,130,27.66666667,137,42,외,23000,39000,0.3859649122807017,0.4564459930313589,0.8424109053120606,0.2877957087841555,0.2909407665505226,0.8039702233250621,95.03027160493832,3.5196396890717896,92.56000000000002,0.1202090592334494,8.210526315789474,0.5330988835725677,0.3515037593984962,0.7,16000
김강민,460,422,50,54,114,14,2,8,15,8,0,3,31,3,4,103,2,3,79,21.5,104,31,외,40000,35000,0.3239130434782609,0.3696682464454976,0.6935812899237586,0.2381779311765918,0.2464454976303317,0.6477987421383647,41.68440048309179,1.5438666845589553,52.27599999999998,0.0995260663507108,10.434782608695652,0.6673938730853392,0.3375796178343949,-0.12,-5000
정근우,305,277,30,37,77,10,1,3,8,5,3,1,20,1,4,43,11,6,60,14.5,61,22,내,70000,35000,0.3344370860927152,0.3537906137184115,0.6882276998111267,0.2389443421713247,0.2093862815884476,0.6018518518518519,26.81049289617488,0.9929812183768474,30.046000000000006,0.075812274368231,4.363636363636363,0.9401694352159468,0.3189655172413793,-0.5,-35000
서건창,486,426,41,67,128,23,3,2,17,3,3,5,49,1,3,50,5,6,91,21.5,96,33,내,35000,35000,0.3726708074534161,0.3826291079812207,0.7552999154346368,0.2633591403493424,0.2957746478873239,0.7581699346405228,62.27545313214444,2.3064982641534977,65.15,0.0821596244131455,3.5789473684210527,0.6572489626556016,0.3324538258575198,0.0,0
정수빈,513,441,41,75,117,19,5,0,26,8,4,5,57,0,6,60,6,3,93,20.33333333,110,27,외,24500,34000,0.3536345776031434,0.3310657596371882,0.6847003372403316,0.2419019998307116,0.2902494331065759,0.6952662721893491,53.45886722980293,1.9799580455482568,59.06999999999999,0.0657596371882086,0.0,0.620351669941061,0.3031088082901554,0.39,9500
채은성,514,470,72,59,148,18,1,12,2,2,0,8,24,1,12,67,9,2,112,24.65,133,44,외,31000,32000,0.357976653696498,0.4340425531914894,0.7920192068879874,0.2696001324612965,0.2361702127659574,0.7267267267267268,66.5002220060527,2.462971185409359,71.764,0.1191489361702127,3.4285714285714284,0.6257348927875244,0.3408521303258145,0.03,1000
박해민,581,506,44,64,121,16,7,5,24,7,12,3,58,0,2,82,4,2,102,19.33333333,117,28,외,36000,30000,0.3181019332161687,0.3280632411067193,0.646165174322888,0.2251616802239557,0.2924901185770751,0.6313131313131313,50.99545786957344,1.8887206618360532,59.784000000000006,0.0889328063241106,8.275862068965518,0.5630685413005273,0.2748815165876777,-0.17,-6000
정의윤,419,380,59,44,107,24,0,13,0,0,0,2,30,1,6,60,9,1,77,19.16666667,111,31,외,30000,30000,0.3421052631578947,0.4473684210526316,0.7894736842105263,0.2657894736842105,0.3421052631578947,0.7304964539007093,49.70104859117487,1.840779577450921,55.510000000000005,0.1657894736842105,0.0,0.79289448441247,0.3042071197411003,0.0,0
이원석,455,395,76,44,97,20,0,19,2,1,2,7,43,0,8,73,10,13,78,22.33333333,115,35,내,30000,30000,0.3267108167770419,0.440506329113924,0.767217145890966,0.2571464498281499,0.4050632911392405,0.7346278317152104,48.46291526251525,1.7949227875005649,59.706,0.1949367088607595,3.619047619047619,0.7713134657836644,0.2516129032258064,0.0,0
오재원,204,177,18,30,29,8,1,3,6,2,2,0,25,0,0,50,3,7,35,8.5,52,11,내,55000,30000,0.2673267326732673,0.2711864406779661,0.5385131733512334,0.1880936398724618,0.3389830508474576,0.5163398692810458,7.092855446623048,0.2626983498749277,13.810000000000002,0.1073446327683615,4.0,1.3944108910891089,0.2096774193548387,-0.45,-25000
모창민,386,341,55,49,104,21,2,10,3,2,0,11,31,1,3,62,8,5,77,15.5,88,23,내,30000,30000,0.3575129533678756,0.4662756598240469,0.8237886131919225,0.2774497439715557,0.3519061583577713,0.7935222672064778,49.70361174438693,1.840874509051368,57.754,0.1612903225806451,4.615384615384615,0.8283272727272727,0.3357142857142857,0.0,0
이지영,331,308,39,40,87,5,1,1,5,1,6,1,15,1,1,28,14,3,54,20.33333333,91,28,포,21000,30000,0.3169230769230769,0.3149350649350649,0.6318581418581419,0.2213491508491508,0.1168831168831168,0.5,27.114075058744504,1.0042250021757224,27.326,0.0324675324675324,1.6666666666666667,0.8231327160493827,0.3071428571428571,0.43,9000
안치홍,408,362,49,45,114,18,1,5,4,2,0,5,40,1,1,37,9,11,98,17.75,124,29,내,50000,29000,0.3799019607843137,0.4116022099447514,0.7915041707290651,0.273856434839129,0.2790055248618784,0.749034749034749,54.4796235294117,2.0177638344226554,56.03400000000002,0.0966850828729282,4.444444444444445,0.7595552825552826,0.3353846153846154,-0.42,-21000
이천웅,613,546,48,88,168,24,3,2,21,10,4,1,57,1,5,82,13,1,122,21.4,105,35,외,15000,28000,0.3776683087027914,0.3736263736263736,0.7512946823291651,0.2633573323228495,0.2435897435897435,0.71571072319202,71.92514290375209,2.663894181620448,75.394,0.0659340659340659,3.652173913043478,0.53459375,0.3585313174946004,0.87,13000
구자욱,526,475,71,66,127,27,6,15,11,3,0,6,38,2,7,88,5,2,95,20.66666667,106,32,외,30000,28000,0.3269961977186312,0.4442105263157895,0.7712067240344207,0.2582009205523314,0.3747368421052631,0.75,60.583717279256405,2.2438413807132003,71.26600000000002,0.1768421052631579,12.692307692307692,0.6570629770992366,0.2962962962962963,-0.07,-2000
최주환,325,285,47,27,79,13,0,4,0,0,0,11,28,0,1,35,10,3,51,16.33333333,89,25,내,38500,27000,0.3323076923076923,0.3649122807017544,0.6972199730094467,0.2407665317139001,0.2456140350877192,0.6157407407407407,32.123465299145266,1.1897579740424171,37.53,0.087719298245614,0.0,0.9015692307692308,0.2918287937743191,-0.3,-11500
한동민,502,427,52,52,113,20,0,12,0,1,0,0,55,4,20,100,6,4,100,17.5,91,24,외,33000,25000,0.3745019920318725,0.3957845433255269,0.7702865353573994,0.2674720322457243,0.3325526932084309,0.7601246105919003,56.22697985834441,2.0824807354942374,65.72000000000001,0.1311475409836065,0.0,0.7000722891566264,0.3206349206349206,-0.24,-8000
송광민,486,454,51,50,120,21,0,7,8,2,3,5,21,0,3,91,18,16,87,18.08333333,111,29,내,25000,25000,0.2981366459627329,0.3568281938325991,0.654964839795332,0.2233685391413796,0.2136563876651982,0.5480225988700564,35.07757037037027,1.2991692729766766,44.682,0.092511013215859,7.466666666666667,0.6341614906832298,0.3130193905817174,0.0,0
김상수,543,468,38,76,127,20,2,5,21,3,6,4,50,1,15,67,14,10,105,16.58333333,114,26,내,25000,25000,0.3575418994413408,0.3547008547008547,0.7122427541421955,0.249569068423817,0.2863247863247863,0.7039106145251397,57.87465856353589,2.1435058727235514,63.82400000000002,0.0833333333333333,8.076923076923077,0.6132518656716418,0.305,0.0,0
이명기,547,484,36,62,142,17,3,2,14,4,7,4,48,2,4,66,12,2,126,19.0,108,29,외,22000,24000,0.3592592592592593,0.3533057851239669,0.7125650443832262,0.2499931129476584,0.2252066115702479,0.6620111731843575,59.338395287426295,2.197718343978752,62.99199999999998,0.0599173553719007,3.5,0.5733085501858736,0.3333333333333333,0.09,2000
박세혁,505,441,63,58,123,19,9,4,8,2,10,6,41,1,7,68,5,8,101,24.16666667,141,41,포,10000,23200,0.3454545454545454,0.3900226757369615,0.7354772211915069,0.2529602143887858,0.2902494331065759,0.7015384615384616,57.09437799779977,2.1146065925111026,62.93599999999999,0.1111111111111111,5.333333333333333,0.6342267206477733,0.3173333333333333,1.32,13200
유강남,468,418,49,44,113,22,0,16,0,0,1,6,30,2,13,82,21,7,78,15.16666667,100,21,포,21000,23000,0.3340471092077088,0.4377990430622009,0.7718461522699098,0.2597709599090192,0.3301435406698564,0.6932515337423313,47.12073974358981,1.7452125830959189,57.204,0.1674641148325358,0.0,0.7286903225806451,0.2975460122699386,0.1,2000
박동원,361,317,55,50,94,15,1,10,1,0,7,1,34,0,2,56,10,1,71,21.33333333,89,30,포,9000,22500,0.3672316384180791,0.444794952681388,0.8120265910994671,0.2764529754584826,0.3406940063091482,0.7639484978540773,44.7762459833794,1.6583794808659036,49.09199999999999,0.1482649842271293,1.818181818181818,0.884864406779661,0.3333333333333333,1.5,13500
노수광,445,388,28,69,97,16,1,2,27,10,9,0,46,0,2,68,1,3,62,16.0,63,21,외,26500,21000,0.3325688073394495,0.3118556701030928,0.6444244774425423,0.2276198808285255,0.2731958762886597,0.6490066225165563,39.09345917602997,1.447905895408517,45.67599999999999,0.0618556701030927,3.724137931034482,0.701176605504587,0.2987421383647798,-0.21,-5500
강백호,505,438,65,72,147,29,1,13,9,5,0,4,61,4,2,87,11,3,103,21.25,116,33,외,12000,21000,0.4158415841584158,0.4954337899543379,0.9112753741127536,0.3109871603598716,0.4063926940639269,0.9413680781758956,77.96287260726069,2.8875138002689145,84.24400000000001,0.1598173515981735,10.636363636363637,0.705500998003992,0.391812865497076,0.75,9000
김성현,472,426,34,45,105,16,2,1,6,2,8,3,33,0,2,43,15,26,95,17.08333333,111,24,내,28000,21000,0.3017241379310345,0.3004694835680751,0.6021936214991096,0.2108932329609843,0.1854460093896713,0.5,33.67165,1.2470981481481482,37.026,0.0539906103286385,1.7142857142857142,0.6349590517241379,0.2701298701298701,-0.25,-7000
이형종,482,419,63,56,120,24,1,13,6,5,1,10,42,1,10,78,9,2,84,17.75,113,28,외,17000,20000,0.3575883575883576,0.441527446300716,0.7991158038890736,0.2712966224899399,0.3484486873508353,0.7763578274760383,57.89337372060851,2.144199026689204,67.986,0.1551312649164677,8.210526315789474,0.71206875,0.3165680473372781,0.18,3000
최재훈,451,373,31,47,108,18,0,3,3,10,4,4,56,0,14,61,9,6,94,14.16666667,89,20,포,12500,20000,0.3982102908277405,0.3619302949061662,0.7601405857339067,0.2696772045990248,0.260053619302949,0.7323943661971831,50.961196304508405,1.8874517149817929,55.892,0.0723860589812332,3.0,0.729234899328859,0.3354632587859425,0.6,7500
김헌곤,467,411,46,57,122,20,1,5,10,8,5,6,37,1,8,41,18,0,108,22.41666667,99,31,외,15500,19000,0.3614718614718614,0.3868613138686131,0.7483331753404746,0.2593776661294909,0.2481751824817518,0.6793650793650794,51.38503725910061,1.9031495281148376,54.51199999999999,0.0900243309002433,6.666666666666667,0.6826290672451193,0.3153638814016172,0.23,3500
윤석민,178,169,17,4,39,4,0,2,0,0,0,2,7,0,0,24,4,5,35,6.833333333,51,11,내,24000,18000,0.2584269662921348,0.2899408284023668,0.5483677946945017,0.1887773419320524,0.136094674556213,0.417910447761194,9.309190262172253,0.3447848245248981,12.007999999999996,0.059171597633136,0.0,1.4719213483146063,0.2551724137931034,-0.25,-6000
고종욱,513,492,56,76,159,25,7,3,31,10,0,2,18,1,1,89,5,3,103,29.33333333,126,43,외,11000,17000,0.3469785575048733,0.4207317073170731,0.7677102648219465,0.2613232777064612,0.2479674796747967,0.7385057471264368,63.40820255577222,2.348451946510082,68.55799999999999,0.097560975609756,5.470588235294118,0.5833828124999999,0.3880597014925373,0.55,6000
노진혁,390,348,43,51,92,23,2,13,0,1,6,3,31,2,2,80,7,5,59,14.58333333,79,19,내,10000,14000,0.3255208333333333,0.4540229885057471,0.7795438218390804,0.2599901221264368,0.3850574712643678,0.7234848484848485,40.67040000000003,1.5063111111111125,50.16,0.1896551724137931,0.0,0.8546230366492147,0.3062015503875969,0.4,4000
권희동,413,348,41,37,89,17,0,6,3,0,5,3,50,1,7,60,10,4,98,13.33333333,97,22,외,14000,13500,0.3578431372549019,0.3563218390804598,0.7141649763353617,0.2501098715348208,0.3189655172413793,0.6840148698884758,41.33737594834537,1.5310139240127911,47.53000000000001,0.1005747126436781,4.0,0.7892211302211303,0.2912280701754386,-0.04,-500
김동엽,211,195,25,15,42,4,1,6,2,1,0,2,12,0,2,47,2,1,38,7.833333333,46,11,외,18500,13500,0.2654028436018957,0.3384615384615385,0.6038643820634342,0.2040466642362377,0.2461538461538461,0.5256410256410257,12.551249183780952,0.464861080880776,18.714,0.123076923076923,3.0,1.3053601895734597,0.25,-0.27,-5000
장성우,413,366,41,25,96,7,0,7,0,1,4,6,35,2,2,86,11,5,73,13.5,97,24,포,9500,13500,0.3251833740831296,0.3387978142076502,0.6639811882907798,0.2310319718893209,0.2076502732240437,0.5709219858156028,32.20484046273867,1.1927718689903213,41.522,0.0765027322404371,0.0,0.7269877149877149,0.3189964157706093,0.42,4000
심우준,433,391,28,54,109,13,1,3,24,3,12,1,23,0,6,68,7,11,103,12.33333333,79,20,내,8500,13000,0.3277909738717339,0.340153452685422,0.6679444265571559,0.2325443014136358,0.217391304347826,0.636986301369863,41.027050756992594,1.519520398407133,46.27600000000001,0.0613810741687979,5.333333333333333,0.6913064133016626,0.3302180685358255,0.53,4500
신본기,413,375,26,43,96,9,0,1,3,3,5,1,24,1,8,62,9,15,82,14.58333333,94,21,내,16000,12500,0.3137254901960784,0.288,0.6017254901960785,0.2131764705882353,0.1226666666666666,0.4914089347079037,28.43737358084473,1.053236058549805,32.92399999999999,0.0319999999999999,1.5,0.6955331695331696,0.3035143769968051,-0.22,-3500
지석훈,169,149,15,15,34,9,0,2,0,1,2,2,10,1,6,37,6,5,28,4.333333333,40,6,내,15000,12500,0.2994011976047904,0.3288590604026846,0.628260258007475,0.2169453040228268,0.2348993288590604,0.5327868852459017,9.24941604207757,0.3425709645213914,13.844,0.1006711409395973,0.0,1.6513674698795178,0.2857142857142857,-0.17,-2500
정주현,425,376,27,53,87,19,2,2,15,6,16,1,31,0,1,91,10,13,64,9.166666666,87,17,내,8800,12500,0.2909535452322738,0.3085106382978723,0.5994641835301462,0.2080567549289913,0.2446808510638297,0.5344262295081967,23.023080261437883,0.8527066763495512,32.872,0.0771276595744681,3.5294117647058822,0.729841075794621,0.2992957746478873,0.42,3700
김성욱,333,287,36,38,66,16,1,9,6,4,9,5,29,1,3,69,4,2,58,14.16666667,64,19,외,13000,12000,0.3024691358024691,0.3867595818815331,0.6892287176840022,0.2328010065814943,0.3554006968641115,0.6506550218340611,26.32813213213205,0.9751160048937798,36.398,0.156794425087108,7.2,0.9565882352941176,0.2663551401869158,-0.08,-1000
정은원,624,564,57,83,148,27,6,8,14,7,6,6,48,0,0,101,6,13,106,18.5,112,27,내,5500,12000,0.3171521035598705,0.374113475177305,0.6912655787371755,0.236246815396268,0.2819148936170212,0.6363636363636364,58.533320192307656,2.1679007478632464,69.29199999999999,0.1117021276595744,10.181818181818182,0.5381391585760518,0.3036876355748373,1.18,6500
나주환,245,225,20,14,50,9,0,3,1,2,4,1,12,0,3,54,6,1,36,7.25,53,12,내,32000,12000,0.2697095435684647,0.3022222222222222,0.5719317657906869,0.1969248501613646,0.1822222222222222,0.4590163934426229,10.54514285714285,0.3905608465608463,16.567999999999998,0.08,1.5,1.1459045643153525,0.2781065088757396,-0.62,-20000
류지혁,316,276,34,36,69,6,2,0,18,5,6,3,24,0,7,40,6,11,71,13.5,76,20,내,12500,10500,0.3225806451612903,0.286231884057971,0.6088125292192613,0.2167192613370734,0.1992753623188405,0.5871559633027523,25.20462187060474,0.9335045137261014,29.259999999999994,0.036231884057971,0.0,0.893758064516129,0.2887029288702928,-0.16,-2000
박찬호,541,504,49,60,131,15,4,2,39,6,5,2,26,0,4,83,8,16,93,23.25,130,40,내,4200,10500,0.3003731343283582,0.3174603174603174,0.6178334517886757,0.2145329898128405,0.2162698412698412,0.5917312661498708,44.407547504620936,1.6447239816526271,51.886,0.0575396825396825,3.804878048780488,0.5449514925373133,0.3064133016627078,1.5,6300
김용의,210,179,17,35,39,5,3,0,8,3,4,1,24,1,2,38,1,5,45,10.0,48,12,내,8500,10500,0.3155339805825243,0.2793296089385474,0.5948635895210718,0.2118226934967728,0.2681564245810056,0.5833333333333334,14.528843915343913,0.5381053301979227,18.706000000000003,0.0614525139664804,0.0,1.3243073170731707,0.2746478873239437,0.24,2000
오선진,453,392,36,37,88,16,0,3,7,2,10,3,38,0,10,72,8,12,90,18.16666667,99,26,내,7500,10500,0.3069977426636568,0.288265306122449,0.5952630487861059,0.2102153107292578,0.221938775510204,0.535031847133758,29.675412803532083,1.0990893630937808,37.894000000000005,0.0637755102040816,4.2,0.6955124153498871,0.265625,0.4,3000
이상호,256,234,12,30,65,7,0,0,10,5,8,3,9,0,2,22,10,5,42,4.5,39,7,내,8000,10000,0.3064516129032258,0.3076923076923077,0.6141439205955335,0.2148263027295285,0.1196581196581196,0.5054347826086957,18.712964756944416,0.6930727687757191,20.324,0.0299145299145299,0.0,1.0661411290322582,0.3023255813953488,0.25,2000
김혜성,387,348,32,57,96,16,7,0,20,3,4,4,29,1,2,85,4,15,71,16.83333333,85,23,내,7000,10000,0.3315926892950391,0.3620689655172414,0.6936616548122805,0.239733951562078,0.2844827586206896,0.6833976833976834,37.067301981050775,1.372863036335214,45.19,0.0862068965517241,0.0,0.756651832460733,0.3595505617977528,0.43,3000
채태인,182,167,29,11,42,11,0,5,0,0,0,2,11,1,2,45,5,1,31,8.666666667,51,13,내,20000,10000,0.3021978021978022,0.4071856287425149,0.7093834309403171,0.2377854181746397,0.3173652694610778,0.6230769230769231,14.204155799755767,0.5260798444353988,19.73,0.155688622754491,0.0,1.55192817679558,0.3109243697478991,-0.5,-10000
오태곤,392,352,35,63,88,16,1,6,19,2,3,2,31,0,4,78,8,9,74,12.5,82,18,내,8000,9500,0.3161953727506427,0.3522727272727273,0.66846810002337,0.230356099555971,0.3039772727272727,0.6496350364963503,33.21189835600899,1.2300703094818144,41.896,0.1022727272727272,9.12,0.7849922879177379,0.3037037037037037,0.19,1500
김민혁,521,466,32,68,131,10,1,0,22,10,5,5,32,0,13,61,8,4,91,19.66666667,109,28,외,3900,9000,0.3410852713178294,0.3068669527896995,0.6479522241075291,0.2302051102904481,0.1437768240343347,0.5949008498583569,48.41862606099375,1.793282446703472,52.752,0.0257510729613733,0.0,0.5659709302325582,0.3195121951219512,1.31,5100
김태진,399,374,46,44,103,14,5,5,12,4,5,3,16,0,1,67,3,3,76,20.5,98,29,내,3300,9000,0.3045685279187817,0.3796791443850267,0.6842476723038085,0.2319756236597084,0.232620320855615,0.6151079136690647,37.79267697020322,1.3997287766741933,43.914,0.1042780748663101,7.0588235294117645,0.7313705583756346,0.321311475409836,1.73,5700
이학주,436,385,36,43,101,14,3,7,15,5,5,4,32,0,10,89,3,19,80,14.33333333,95,22,내,2700,9000,0.3317865429234338,0.3688311688311688,0.7006177117546026,0.2415117365233374,0.2779220779220779,0.6815068493150684,41.69615703363911,1.544302112357004,51.45800000000001,0.1064935064935065,9.545454545454543,0.7191461716937355,0.3208191126279863,2.33,6300
임병욱,419,379,41,39,92,17,5,0,10,2,6,0,23,0,11,110,6,4,90,17.66666667,101,27,외,10000,8800,0.3050847457627119,0.3139841688654353,0.6190689146281472,0.2157841778095791,0.2110817941952506,0.5525423728813559,26.130273985680105,0.9677879253955596,36.47,0.071240105540897,0.0,0.7103559322033899,0.3420074349442379,-0.12,-1200
이창진,470,400,48,57,108,25,1,6,8,8,4,5,57,0,4,92,8,5,92,17.33333333,101,27,내,3100,8500,0.3626609442060086,0.3825,0.7451609442060085,0.2588224248927038,0.335,0.7207792207792207,47.12518297872339,1.7453771473601254,57.33400000000001,0.1124999999999999,6.857142857142857,0.7185042918454935,0.3322475570032573,1.74,5400
최영진,275,251,20,29,63,15,1,5,4,1,8,0,14,2,2,47,4,8,59,7.666666667,57,13,내,5300,8000,0.2958801498127341,0.3784860557768924,0.6743662055896265,0.2277675813599534,0.2788844621513944,0.5958549222797928,22.50345696969697,0.8334613692480359,27.24399999999999,0.1274900398406374,4.444444444444445,1.0845622641509434,0.2914572864321608,0.51,2700
박승욱,245,223,15,24,52,3,4,3,4,1,6,0,14,0,2,50,5,5,44,6.833333333,45,8,내,6600,8000,0.2845188284518828,0.3228699551569506,0.6073887836088335,0.2087509615925849,0.210762331838565,0.519774011299435,15.3718820861678,0.569328966154363,20.079999999999995,0.0896860986547085,3.4285714285714284,1.1260292887029288,0.288235294117647,0.21,1400
한승택,288,251,27,22,56,9,1,3,1,0,7,2,27,1,1,82,8,5,48,14.16666667,68,20,포,6000,8000,0.298932384341637,0.3027888446215139,0.601721228963151,0.2102167841091151,0.2430278884462151,0.5172413793103449,13.62514043209876,0.5046348308184726,22.804,0.0796812749003984,1.5,1.0155892857142856,0.3154761904761904,0.33,2000
최항,147,127,14,12,29,5,0,0,2,0,1,1,16,0,2,24,3,3,19,6.333333333,36,9,내,11000,7500,0.3219178082191781,0.2677165354330709,0.589634343652249,0.2117921475568978,0.2204724409448819,0.5346534653465347,9.875569463340897,0.3657618319755887,12.367999999999997,0.0393700787401574,0.0,1.8264383561643835,0.2788461538461538,-0.32,-3500
장영석,413,372,62,41,92,15,0,7,0,0,0,5,27,0,9,77,14,10,65,21.25,115,33,내,5300,7500,0.3099273607748184,0.3440860215053763,0.6540133822801948,0.2254888177250124,0.2284946236559139,0.5578231292517006,30.09386924939457,1.1145877499775767,38.974,0.0967741935483871,0.0,0.7435060532687651,0.2901023890784983,0.42,2200
이원재,285,256,36,31,66,11,0,8,1,2,5,3,20,0,1,47,5,4,49,13.16666667,68,19,내,5000,7100,0.3107142857142857,0.39453125,0.7052455357142857,0.2384542410714285,0.28515625,0.6243654822335025,25.874102144249548,0.95830007941665,31.604,0.13671875,1.7777777777777777,1.0481142857142856,0.284313725490196,0.42,2100
조용호,211,188,19,15,55,6,3,0,3,4,2,0,21,0,0,28,0,0,52,13.91666667,62,19,외,4000,7000,0.3636363636363636,0.3563829787234042,0.7200193423597678,0.2527321083172147,0.2180851063829787,0.6642335766423357,23.702906793048957,0.8778854367795909,24.726,0.0638297872340425,0.0,1.2915980861244016,0.34375,0.75,3000
최원준,255,232,18,33,46,11,3,1,8,4,2,1,16,0,4,51,4,6,43,8.083333333,56,13,내,10000,7000,0.2608695652173913,0.2844827586206896,0.545352323838081,0.1885119940029985,0.2370689655172413,0.4845360824742268,10.493416122004362,0.3886450415557171,16.761999999999997,0.0862068965517241,1.7777777777777777,1.098565217391304,0.2486187845303867,-0.3,-3000
정훈,222,190,17,26,43,4,1,2,4,3,3,1,23,1,5,47,4,4,43,7.5,51,9,외,8000,6400,0.3242009132420091,0.2894736842105263,0.6136745974525355,0.2182588320115356,0.2263157894736842,0.564935064935065,14.279149549549544,0.5288573907240571,19.393999999999995,0.0631578947368421,2.6666666666666665,1.2658119266055046,0.2887323943661972,-0.2,-1600
유민상,202,175,26,23,51,15,0,5,0,0,0,0,24,0,3,35,6,3,38,10.33333333,44,15,내,4300,6000,0.3861386138613861,0.4628571428571428,0.848995756718529,0.2894766619519094,0.4228571428571429,0.8307692307692308,26.067405940594057,0.9654594792812614,29.020000000000003,0.1714285714285714,0.0,1.4673217821782178,0.3407407407407407,0.4,1700
장진혁,349,315,24,42,80,16,5,1,13,5,2,1,26,0,5,74,4,3,63,13.83333333,77,18,외,3800,5800,0.3198847262247838,0.346031746031746,0.6659164722565298,0.2304560633090892,0.2698412698412698,0.6270491803278688,28.53003094555873,1.0566678127984717,35.667999999999985,0.092063492063492,1.8571428571428568,0.8413948126801153,0.3278008298755187,0.53,2000
김찬형,154,141,12,16,39,4,2,1,3,4,2,1,6,0,4,21,1,3,39,4.5,35,5,내,4300,5800,0.3223684210526316,0.3546099290780142,0.6769783501306458,0.2337182717431877,0.1631205673758865,0.5887850467289719,14.181930158730154,0.5252566725455613,15.792000000000003,0.0780141843971631,1.5,1.7241184210526317,0.3166666666666666,0.35,1500
박계범,204,168,25,26,43,8,1,4,5,1,6,3,22,0,5,45,7,9,41,6.5,47,12,내,3000,5500,0.3535353535353535,0.3869047619047619,0.7404401154401155,0.2558170995670996,0.3630952380952381,0.7293233082706767,18.872050544662272,0.6989648349874916,24.46999999999999,0.130952380952381,4.444444444444445,1.4411565656565657,0.319672131147541,0.83,2500
김규민,250,222,24,33,55,8,1,3,2,4,0,2,22,0,4,68,4,1,50,9.75,66,14,외,5800,5400,0.324,0.3333333333333333,0.6573333333333333,0.2291333333333333,0.2297297297297297,0.5828571428571429,16.805310666666685,0.6224189135802476,24.22599999999999,0.0855855855855855,2.4,1.129968,0.3398692810457516,-0.07,-400
강로한,306,288,25,38,69,15,6,4,7,1,1,1,13,0,3,107,3,20,50,10.33333333,58,16,내,2900,5300,0.2786885245901639,0.375,0.6536885245901639,0.2191598360655737,0.2881944444444444,0.5874439461883408,18.35658431372548,0.6798734931009436,29.913999999999994,0.1354166666666666,5.090909090909091,0.9399508196721312,0.3651685393258427,0.83,2400
한동희,207,187,9,12,38,9,0,2,1,0,0,2,18,0,0,57,3,9,41,2.166666666,44,5,내,4900,4700,0.2705314009661835,0.2834224598930481,0.5539538608592317,0.1925947454080446,0.2406417112299465,0.4736842105263157,7.868524852388617,0.2914268463847636,14.924000000000005,0.0802139037433155,1.3333333333333333,1.3333140096618357,0.2769230769230769,-0.04,-200
나종덕,209,185,13,12,23,4,0,3,0,0,7,2,9,0,6,88,5,5,26,1.999999999,41,4,포,4300,4300,0.1881188118811881,0.1945945945945946,0.3827134064757827,0.1333021139951833,0.1567567567567567,0.3053892215568862,-7.192042105263198,-0.2663719298245628,4.186,0.0702702702702702,0.0,1.3358762376237625,0.2083333333333333,0.0,0
허일,162,149,17,14,38,4,0,1,2,1,0,0,12,0,1,28,1,1,40,11.75,48,14,외,3000,4100,0.3148148148148148,0.3020134228187919,0.6168282376336067,0.2171700223713646,0.1677852348993288,0.5309734513274337,12.495327983539084,0.4627899253162624,14.696000000000003,0.046979865771812,1.3333333333333333,1.6298395061728397,0.3083333333333333,0.37,1100
이우성,168,151,22,19,33,4,0,6,0,0,1,2,12,0,2,40,3,1,23,9.5,46,11,외,4000,4000,0.281437125748503,0.3642384105960264,0.6456755363445295,0.2177063092358329,0.2913907284768212,0.5702479338842975,11.043391005291,0.4090144816774444,16.51,0.1456953642384105,0.0,1.6492874251497005,0.2523364485981308,0.0,0
오윤석,228,198,21,21,44,2,0,1,0,0,4,4,20,1,2,43,4,5,47,10.83333333,55,16,내,3000,4000,0.2946428571428571,0.2474747474747475,0.5421176046176046,0.1944579725829726,0.1414141414141414,0.4493670886075949,11.541306627680283,0.4274558010251957,16.726000000000003,0.0252525252525252,0.0,1.1973677130044842,0.2721518987341772,0.33,1000
노시환,192,177,13,19,33,8,1,1,2,2,1,1,11,0,2,72,3,7,37,6.833333333,44,9,내,2700,3300,0.2408376963350785,0.2598870056497175,0.500724701984796,0.1733487147632147,0.192090395480226,0.4093959731543624,1.1698202546295988,0.0433266760973925,9.643999999999991,0.0734463276836158,1.3333333333333333,1.409418848167539,0.3047619047619048,0.22,600
